معرّف المنتج في المصدر,Handle المرجعي,اسم المنتج,العلامة التجارية,التصنيف الأساسي المرجعي,التصنيفات التي يظهر بها المنتج,عدد مرات الظهور عبر التصنيفات,نوع المنتج المرجعي,كود المورد/المصدر (ليس SKU لـ PM),سعر الجمهور المرجعي (ج.م),قيمة خصم 30% المرجعية (ج.م),سعر الجملة المرجعي بعد الخصم (ج.م),سعر المقارنة في المصدر (ج.م),التوفر لدى المصدر المرجعي فقط,رابط الصورة المرجعي,الوصف المرجعي,رابط المنتج المرجعي,المصدر,حقوق استخدام الصورة,دليل مخزون PM,دليل تكلفة PM,حالة النشر التجاري,مراجعة البيانات,مراجعة النطاق
16103243022639,celimax-retinal-shot-tightening-booster-15ml,CELIMAX RETINAL SHOT TIGHTENING BOOSTER 15ML,korean product,الجمال الكوري,الجمال الكوري,1,Face Treatment,114114,1430,429,1001,,متاح لدى المصدر,https://cdn.shopify.com/s/files/1/0935/9550/0847/files/celimax_retinal_booster_box_1615.webp?v=1785229090,منتج CELIMAX RETINAL SHOT TIGHTENING BOOSTER 15ML من korean product. التصنيف المرجعي: منتجات كورية — Face Treatment. الحجم المذكور: 15 ML. الوسوم المرجعية: Eye Care.,https://alfouadpharmacies.com/en/products/celimax-retinal-shot-tightening-booster-15ml,AlFouad Pharmacies,Verify usage rights before commercial publication,غير مثبت,غير مثبت,مرجعي فقط — غير معتمد للنشر التجاري,بيانات مرجعية متاحة؛ يلزم تحقق PM,ضمن الفحص المبدئي
12689553588527,cosrx-advanced-snail-92-all-in-one-cream-100ml,كريم كوسركس المتطور لعلاج الحلزون 92 الكل في واحد 100 مل ,korean product,الجمال الكوري,العناية بالبشرة | الجمال الكوري,2,,113892,1296,388.8,907.2,,متاح لدى المصدر,https://cdn.shopify.com/s/files/1/0935/9550/0847/files/cosrx_snail92_cream_ecommerce_standard.webp?v=1771833124,منتج كريم كوسركس المتطور لعلاج الحلزون 92 الكل في واحد 100 مل  من korean product. التصنيف المرجعي: منتجات كورية. الوسوم المرجعية: Anti-Aging، Anti-aging Cream، Fine Lines & Wrinkles، korean product، Moisturizer Cream، Moisturizers، Skin Care.,https://alfouadpharmacies.com/en/products/cosrx-advanced-snail-92-all-in-one-cream-100ml,AlFouad Pharmacies,Verify usage rights before commercial publication,غير مثبت,غير مثبت,مرجعي فقط — غير معتمد للنشر التجاري,بيانات مرجعية متاحة؛ يلزم تحقق PM,ضمن الفحص المبدئي
16121957646639,زيت-وسيروم-فينو-بريميوم,زيت وسيروم فينو بريميوم,korean product,الجمال الكوري,الجمال الكوري,1,سيرم ,113828,1580,474,1106,,متاح لدى المصدر,https://cdn.shopify.com/s/files/1/0935/9550/0847/files/fino_premium_touch_hair_oil_lifestyle_1615.webp?v=1786517977,منتج زيت وسيروم فينو بريميوم من korean product. التصنيف المرجعي: منتجات كورية — سيرم . الوسوم المرجعية: Hair Oil.,https://alfouadpharmacies.com/en/products/زيت-وسيروم-فينو-بريميوم,AlFouad Pharmacies,Verify usage rights before commercial publication,غير مثبت,غير مثبت,مرجعي فقط — غير معتمد للنشر التجاري,بيانات مرجعية متاحة؛ يلزم تحقق PM,ضمن الفحص المبدئي
12689554014511,سيروم-أنوا-النياسيناميد-10-والترانيكساميك-أسيد-4-لتصحيح-البقع-والتصبغات-30-مل,سيروم أنوا النياسيناميد 10% والترانيكساميك أسيد 4% لتصحيح البقع والتصبغات 30 مل,korean product,الجمال الكوري,العناية بالبشرة | الجمال الكوري,2,سيرم,113874,1800,540,1260,,متاح لدى المصدر,https://cdn.shopify.com/s/files/1/0935/9550/0847/files/anua_niacinamide_ecommerce_standard.webp?v=1771829994,منتج سيروم أنوا النياسيناميد 10% والترانيكساميك أسيد 4% لتصحيح البقع والتصبغات 30 مل من korean product. التصنيف المرجعي: منتجات كورية — سيرم. الوسوم المرجعية: Dark Spots، korean product، Pores، Serums، Skin Care، Treatments.,https://alfouadpharmacies.com/en/products/سيروم-أنوا-النياسيناميد-10-والترانيكساميك-أسيد-4-لتصحيح-البقع-والتصبغات-30-مل,AlFouad Pharmacies,Verify usage rights before commercial publication,غير مثبت,غير مثبت,مرجعي فقط — غير معتمد للنشر التجاري,بيانات مرجعية متاحة؛ يلزم تحقق PM,ضمن الفحص المبدئي
16117942059311,karseell-maca-power-purple-hair-mask-500ml,KARSEELL MACA POWER PURPLE HAIR MASK 500ML,korean product,الجمال الكوري,العناية بالشعر | الجمال الكوري,2,Hair Mask,116021,990,297,693,,متاح لدى المصدر,https://cdn.shopify.com/s/files/1/0935/9550/0847/files/karseell-purple-hair-mask-500ml-4224297.webp?v=1786183344,منتج KARSEELL MACA POWER PURPLE HAIR MASK 500ML من korean product. التصنيف المرجعي: منتجات كورية — Hair Mask. الحجم المذكور: 500 ML. الوسوم المرجعية: Colored Hair، Hair Care، Hair Concerns، Hair Mask.,https://alfouadpharmacies.com/en/products/karseell-maca-power-purple-hair-mask-500ml,AlFouad Pharmacies,Verify usage rights before commercial publication,غير مثبت,غير مثبت,مرجعي فقط — غير معتمد للنشر التجاري,بيانات مرجعية متاحة؛ يلزم تحقق PM,ضمن الفحص المبدئي
12689553490223,some-by-mi-retinol-intense-advanced-eye-cr-30ml,كريم العين المتطور المكثف من سوم باي إم آي ريتينول 30 مل ,korean product,الجمال الكوري,العناية بالبشرة | الجمال الكوري,2,,113900,1200,360,840,,متاح لدى المصدر,https://cdn.shopify.com/s/files/1/0935/9550/0847/files/somebymi_retinol_eyecream_ecommerce_standard.webp?v=1771833436,منتج كريم العين المتطور المكثف من سوم باي إم آي ريتينول 30 مل  من korean product. التصنيف المرجعي: منتجات كورية. الوسوم المرجعية: Dark Circles & Puffiness، Eye Care، Eye Contour، korean product، Skin Care.,https://alfouadpharmacies.com/en/products/some-by-mi-retinol-intense-advanced-eye-cr-30ml,AlFouad Pharmacies,Verify usage rights before commercial publication,غير مثبت,غير مثبت,مرجعي فقط — غير معتمد للنشر التجاري,بيانات مرجعية متاحة؛ يلزم تحقق PM,ضمن الفحص المبدئي
12689553391919,dr-althea-345-relife-cream-50ml,كريم دكتور ألثيا 345 ريليف 50 مل ,korean product,الجمال الكوري,العناية بالبشرة | الجمال الكوري,2,,113951,1800,540,1260,,متاح لدى المصدر,https://cdn.shopify.com/s/files/1/0935/9550/0847/files/dr_althea_345_relief_cream_ecommerce_standard.webp?v=1771833708,منتج كريم دكتور ألثيا 345 ريليف 50 مل  من korean product. التصنيف المرجعي: منتجات كورية. الوسوم المرجعية: Fine Lines & Wrinkles، korean product، Moisturizer Cream، Moisturizers، Sensetive Skin، Skin Care.,https://alfouadpharmacies.com/en/products/dr-althea-345-relife-cream-50ml,AlFouad Pharmacies,Verify usage rights before commercial publication,غير مثبت,غير مثبت,مرجعي فقط — غير معتمد للنشر التجاري,بيانات مرجعية متاحة؛ يلزم تحقق PM,ضمن الفحص المبدئي
12689553719599,centella-tone-brightening-capsule-ampoule-100ml,كبسولات وأمبولات سنتيلا لتفتيح لون البشرة 100 مل ,korean product,الجمال الكوري,العناية بالبشرة | الجمال الكوري,2,,113896,1440,432,1008,,متاح لدى المصدر,https://cdn.shopify.com/s/files/1/0935/9550/0847/files/skin1004_tone_brightening_ecommerce_standard.webp?v=1771832496,منتج كبسولات وأمبولات سنتيلا لتفتيح لون البشرة 100 مل  من korean product. التصنيف المرجعي: منتجات كورية. الوسوم المرجعية: Dark Spots، Even Skin Tone، korean product، Sensetive Skin، Serums، Skin Care.,https://alfouadpharmacies.com/en/products/centella-tone-brightening-capsule-ampoule-100ml,AlFouad Pharmacies,Verify usage rights before commercial publication,غير مثبت,غير مثبت,مرجعي فقط — غير معتمد للنشر التجاري,بيانات مرجعية متاحة؛ يلزم تحقق PM,مراجعة نطاق/تنظيم قبل الإدراج
12881226301743,mary-may-tranexamic-acid-glutathion-eye-cream-30ml,Mary&May Tranexamic Acid+Glutathion Eye Cream 30ml,korean product,الجمال الكوري,الجمال الكوري,1,,114378,1300,390,910,,متاح لدى المصدر,https://cdn.shopify.com/s/files/1/0935/9550/0847/files/1B82B051-EF88-4DE2-B67A-E4BD11F74375.webp?v=1772357266,منتج Mary&May Tranexamic Acid+Glutathion Eye Cream 30ml من korean product. التصنيف المرجعي: منتجات كورية. الحجم المذكور: 30 ml. الوسوم المرجعية: Dark Circles & Puffiness، Eye Care، Eye Contour، korean product.,https://alfouadpharmacies.com/en/products/mary-may-tranexamic-acid-glutathion-eye-cream-30ml,AlFouad Pharmacies,Verify usage rights before commercial publication,غير مثبت,غير مثبت,مرجعي فقط — غير معتمد للنشر التجاري,بيانات مرجعية متاحة؛ يلزم تحقق PM,ضمن الفحص المبدئي
12882570314031,centella-poremizing-quick-clay-stick-mask-27ml,Centella Poremizing Quick Clay Stick Mask 27ml,korean product,الجمال الكوري,الجمال الكوري,1,,115700,1370,411,959,,متاح لدى المصدر,https://cdn.shopify.com/s/files/1/0935/9550/0847/files/Madagascar_Centella_Clay_Stick_Mask_1615.webp?v=1789896497,منتج Centella Poremizing Quick Clay Stick Mask 27ml من korean product. التصنيف المرجعي: منتجات كورية. الحجم المذكور: 27 ml. الوسوم المرجعية: Face Mask، korean product، Pores.,https://alfouadpharmacies.com/en/products/centella-poremizing-quick-clay-stick-mask-27ml,AlFouad Pharmacies,Verify usage rights before commercial publication,غير مثبت,غير مثبت,مرجعي فقط — غير معتمد للنشر التجاري,بيانات مرجعية متاحة؛ يلزم تحقق PM,ضمن الفحص المبدئي
12689515118895,beauty-of-joseon-revive-eye-serum-ginseng-retinal-30ml,سيروم بيوتي أوف جوسون ريفايف للعينين بخلاصة الجينسنغ والريتينول 30 مل,korean product,الجمال الكوري,الجمال الكوري,1,,114115,1368,410.4,957.6,,غير متاح لدى المصدر,https://cdn.shopify.com/s/files/1/0935/9550/0847/files/boj_revive_eye_serum_ecommerce_standard.webp?v=1771834743,منتج سيروم بيوتي أوف جوسون ريفايف للعينين بخلاصة الجينسنغ والريتينول 30 مل من korean product. التصنيف المرجعي: منتجات كورية. الوسوم المرجعية: Dark Circles & Puffiness، Eye Care، Eye Contour، Fine Lines & Wrinkles، korean product.,https://alfouadpharmacies.com/en/products/beauty-of-joseon-revive-eye-serum-ginseng-retinal-30ml,AlFouad Pharmacies,Verify usage rights before commercial publication,غير مثبت,غير مثبت,مرجعي فقط — غير معتمد للنشر التجاري,بيانات مرجعية متاحة؛ يلزم تحقق PM,ضمن الفحص المبدئي
12880359915823,medicube-pdrn-pink-peptide-serum-30ml,Medicube PDRN Pink Peptide Serum 30ml,korean product,الجمال الكوري,الجمال الكوري,1,SERUM,114958,1700,510,1190,,متاح لدى المصدر,https://cdn.shopify.com/s/files/1/0935/9550/0847/files/medicube_pdrn_pink_serum_1615_web.webp?v=1788963490,منتج Medicube PDRN Pink Peptide Serum 30ml من korean product. التصنيف المرجعي: منتجات كورية — SERUM. الحجم المذكور: 30 ml. الوسوم المرجعية: Anti-Aging، Fine Lines & Wrinkles، korean product، Pores، Serums.,https://alfouadpharmacies.com/en/products/medicube-pdrn-pink-peptide-serum-30ml,AlFouad Pharmacies,Verify usage rights before commercial publication,غير مثبت,غير مثبت,مرجعي فقط — غير معتمد للنشر التجاري,بيانات مرجعية متاحة؛ يلزم تحقق PM,ضمن الفحص المبدئي
12689553654063,cosrx-advanc-snail-96-mucin-power-essenc-100ml,خلاصة موسين باور من كوسركس أدفانس سنايل 96، 100 مل ,korean product,الجمال الكوري,العناية بالبشرة | الجمال الكوري,2,,32070,1296,388.8,907.2,,غير متاح لدى المصدر,https://cdn.shopify.com/s/files/1/0935/9550/0847/files/cosrx_snail96_ecommerce_standard.webp?v=1771833051,منتج خلاصة موسين باور من كوسركس أدفانس سنايل 96، 100 مل  من korean product. التصنيف المرجعي: منتجات كورية. الوسوم المرجعية: Anti-Aging، Fine Lines & Wrinkles، korean product، Serums، Skin Care.,https://alfouadpharmacies.com/en/products/cosrx-advanc-snail-96-mucin-power-essenc-100ml,AlFouad Pharmacies,Verify usage rights before commercial publication,غير مثبت,غير مثبت,مرجعي فقط — غير معتمد للنشر التجاري,بيانات مرجعية متاحة؛ يلزم تحقق PM,ضمن الفحص المبدئي
12689553817903,beauty-of-joseon-rice-probiotics-spf50-50ml,كريم بيوتي أوف جوسون رايس + بروبيوتيك مع عامل حماية من الشمس 50+، 50 مل ,korean product,الجمال الكوري,العناية بالبشرة | الجمال الكوري,2,,113902,1332,399.6,932.4,,غير متاح لدى المصدر,https://cdn.shopify.com/s/files/1/0935/9550/0847/files/boj_relief_sun_ecommerce_standard_1_763fd681-1fb1-42c2-a1d7-8aa15fd05467.webp?v=1771831724,منتج كريم بيوتي أوف جوسون رايس + بروبيوتيك مع عامل حماية من الشمس 50+، 50 مل  من korean product. التصنيف المرجعي: منتجات كورية. الوسوم المرجعية: Dark Spots، Dry Skin، Even Skin Tone، korean product، SPF 50، Sun Care، Sunscreen Cream.,https://alfouadpharmacies.com/en/products/beauty-of-joseon-rice-probiotics-spf50-50ml,AlFouad Pharmacies,Verify usage rights before commercial publication,غير مثبت,غير مثبت,مرجعي فقط — غير معتمد للنشر التجاري,بيانات مرجعية متاحة؛ يلزم تحقق PM,ضمن الفحص المبدئي
12689552736559,axis-y-vegan-collagen-eye-serum-10ml,سيروم الكولاجين النباتي للعين من أكسيس-واي 10 مل ,korean product,الجمال الكوري,العناية بالبشرة | الجمال الكوري,2,,113955,1250,375,875,,متاح لدى المصدر,https://cdn.shopify.com/s/files/1/0935/9550/0847/files/axisy_vegan_collagen_eye_serum_ecommerce_standard.webp?v=1771834660,منتج سيروم الكولاجين النباتي للعين من أكسيس-واي 10 مل  من korean product. التصنيف المرجعي: منتجات كورية. الوسوم المرجعية: Dark Circles & Puffiness، Eye Contour، korean product، Skin Care.,https://alfouadpharmacies.com/en/products/axis-y-vegan-collagen-eye-serum-10ml,AlFouad Pharmacies,Verify usage rights before commercial publication,غير مثبت,غير مثبت,مرجعي فقط — غير معتمد للنشر التجاري,بيانات مرجعية متاحة؛ يلزم تحقق PM,ضمن الفحص المبدئي
12689553948975,anua-azelaic-acid-10-hyaluron-serum-30ml,أنوا حمض الأزيليك 10 + مصل الهيالورونيك 30 مل ,korean product,الجمال الكوري,العناية بالبشرة | الجمال الكوري,2,,113899,1800,540,1260,,متاح لدى المصدر,https://cdn.shopify.com/s/files/1/0935/9550/0847/files/anua_azelaic10_ecommerce_standard.webp?v=1771830156,منتج أنوا حمض الأزيليك 10 + مصل الهيالورونيك 30 مل  من korean product. التصنيف المرجعي: منتجات كورية. الوسوم المرجعية: korean product، Sensetive Skin، Sensitive Skin / Redness، Serums، Skin Care.,https://alfouadpharmacies.com/en/products/anua-azelaic-acid-10-hyaluron-serum-30ml,AlFouad Pharmacies,Verify usage rights before commercial publication,غير مثبت,غير مثبت,مرجعي فقط — غير معتمد للنشر التجاري,بيانات مرجعية متاحة؛ يلزم تحقق PM,ضمن الفحص المبدئي
12689553785135,beauty-of-joseon-aqua-fresh-rice-b5-spf50-50ml,بيوتي أوف جوسون أكوا فريش رايس + بي 5 إس بي إف 50+ 50 مل ,korean product,الجمال الكوري,العناية بالبشرة | الجمال الكوري,2,,113903,1600,480,1120,,متاح لدى المصدر,https://cdn.shopify.com/s/files/1/0935/9550/0847/files/boj_relief_sun_ecommerce_standard_2.webp?v=1771831778,منتج بيوتي أوف جوسون أكوا فريش رايس + بي 5 إس بي إف 50+ 50 مل  من korean product. التصنيف المرجعي: منتجات كورية. الوسوم المرجعية: Dark Spots، Even Skin Tone، korean product، Oily Skin، SPF 50، Sunscreen Fluid.,https://alfouadpharmacies.com/en/products/beauty-of-joseon-aqua-fresh-rice-b5-spf50-50ml,AlFouad Pharmacies,Verify usage rights before commercial publication,غير مثبت,غير مثبت,مرجعي فقط — غير معتمد للنشر التجاري,بيانات مرجعية متاحة؛ يلزم تحقق PM,ضمن الفحص المبدئي
12689553752367,centella-light-cleansing-oil-200ml,زيت تنظيف خفيف بخلاصة السنتيلا 200 مل ,korean product,الجمال الكوري,العناية بالبشرة | الجمال الكوري,2,,86973,1800,540,1260,,متاح لدى المصدر,https://cdn.shopify.com/s/files/1/0935/9550/0847/files/skin1004_centella_oil_bottle_ecommerce_standard.webp?v=1771832116,منتج زيت تنظيف خفيف بخلاصة السنتيلا 200 مل  من korean product. التصنيف المرجعي: منتجات كورية. الوسوم المرجعية: Face Wash، korean product، Sensitive Skin / Redness، Skin Care.,https://alfouadpharmacies.com/en/products/centella-light-cleansing-oil-200ml,AlFouad Pharmacies,Verify usage rights before commercial publication,غير مثبت,غير مثبت,مرجعي فقط — غير معتمد للنشر التجاري,بيانات مرجعية متاحة؛ يلزم تحقق PM,ضمن الفحص المبدئي
12689553522991,medicube-triple-collagen-serum-30ml,سيروم ميديكيوب ثلاثي الكولاجين 30 مل ,korean product,الجمال الكوري,العناية بالبشرة | الجمال الكوري,2,,113895,1656,496.8,1159.2,,متاح لدى المصدر,https://cdn.shopify.com/s/files/1/0935/9550/0847/files/medicube_triple_collagen_serum_ecommerce_standard.webp?v=1771833332,منتج سيروم ميديكيوب ثلاثي الكولاجين 30 مل  من korean product. التصنيف المرجعي: منتجات كورية. الوسوم المرجعية: Anti-Aging، Dry Skin، Fine Lines & Wrinkles، korean product، Serums، Skin Care.,https://alfouadpharmacies.com/en/products/medicube-triple-collagen-serum-30ml,AlFouad Pharmacies,Verify usage rights before commercial publication,غير مثبت,غير مثبت,مرجعي فقط — غير معتمد للنشر التجاري,بيانات مرجعية متاحة؛ يلزم تحقق PM,ضمن الفحص المبدئي
12689514987823,medicube-collagen-jelly-cream-50ml,كريم جيلي الكولاجين من ميديكيوب 50 مل ,korean product,الجمال الكوري,العناية بالبشرة | الجمال الكوري,2,,114511,1650,495,1155,,متاح لدى المصدر,https://cdn.shopify.com/s/files/1/0935/9550/0847/files/MEDICUBECOLLAGENJELLYCREAM50ML2.webp?v=1771835396,منتج كريم جيلي الكولاجين من ميديكيوب 50 مل  من korean product. التصنيف المرجعي: منتجات كورية. الوسوم المرجعية: Anti-Aging، Anti-aging Cream، Fine Lines & Wrinkles، korean product، Skin Care، Treatment Cream.,https://alfouadpharmacies.com/en/products/medicube-collagen-jelly-cream-50ml,AlFouad Pharmacies,Verify usage rights before commercial publication,غير مثبت,غير مثبت,مرجعي فقط — غير معتمد للنشر التجاري,بيانات مرجعية متاحة؛ يلزم تحقق PM,ضمن الفحص المبدئي
12880148824367,medicube-txn-niacinamide-capsule-cream-55g,Medicube TXN Niacinamide Capsule Cream 55g,korean product,الجمال الكوري,العناية بالبشرة | الجمال الكوري,2,,114957,1950,585,1365,,متاح لدى المصدر,https://cdn.shopify.com/s/files/1/0935/9550/0847/files/Medicube-5-TXA-Niacinamide-Capsule-Cream-55g-XOXO-0_1024x1024_eb21f310-1a56-41b0-a9f3-43012434b1ef.webp?v=1772355408,منتج Medicube TXN Niacinamide Capsule Cream 55g من korean product. التصنيف المرجعي: منتجات كورية. الحجم المذكور: 55 g. الوسوم المرجعية: Dry Skin، Dryness، Even Skin Tone، Even Skin Tone / Pigmentation، korean product، Oily Skin، Treatment Cream.,https://alfouadpharmacies.com/en/products/medicube-txn-niacinamide-capsule-cream-55g,AlFouad Pharmacies,Verify usage rights before commercial publication,غير مثبت,غير مثبت,مرجعي فقط — غير معتمد للنشر التجاري,بيانات مرجعية متاحة؛ يلزم تحقق PM,مراجعة نطاق/تنظيم قبل الإدراج
12689553981743,anua-peach-70-niacin-serum-30ml,أنوا بيتش 70 + مصل النياسين 30 مل ,korean product,الجمال الكوري,العناية بالبشرة | الجمال الكوري,2,,113898,1800,540,1260,,متاح لدى المصدر,https://cdn.shopify.com/s/files/1/0935/9550/0847/files/anua_peach70_ecommerce_standard.webp?v=1771830077,منتج أنوا بيتش 70 + مصل النياسين 30 مل  من korean product. التصنيف المرجعي: منتجات كورية. الوسوم المرجعية: Dark Spots، korean product، Serums، Skin Care.,https://alfouadpharmacies.com/en/products/anua-peach-70-niacin-serum-30ml,AlFouad Pharmacies,Verify usage rights before commercial publication,غير مثبت,غير مثبت,مرجعي فقط — غير معتمد للنشر التجاري,بيانات مرجعية متاحة؛ يلزم تحقق PM,ضمن الفحص المبدئي
12689553686831,centella-poremizing-deep-cleansing-foam-210ml,رغوة تنظيف عميقة وموسعة للمسام بخلاصة السنتيلا 210 مل ,korean product,الجمال الكوري,العناية بالبشرة | الجمال الكوري,2,غسول ,113914,1370,411,959,,غير متاح لدى المصدر,https://cdn.shopify.com/s/files/1/0935/9550/0847/files/1_-_2026-06-28T102742.992.webp?v=1782631725,منتج رغوة تنظيف عميقة وموسعة للمسام بخلاصة السنتيلا 210 مل  من korean product. التصنيف المرجعي: منتجات كورية — غسول . الوسوم المرجعية: Cleanser، Face Wash، korean product، Oily Skin، Pores، Skin Care.,https://alfouadpharmacies.com/en/products/centella-poremizing-deep-cleansing-foam-210ml,AlFouad Pharmacies,Verify usage rights before commercial publication,غير مثبت,غير مثبت,مرجعي فقط — غير معتمد للنشر التجاري,بيانات مرجعية متاحة؛ يلزم تحقق PM,ضمن الفحص المبدئي
12882290180399,anua-rice-7-ceramide-serum-50ml,Anua Rice 7 + Ceramide Serum 50ml,korean product,الجمال الكوري,العناية بالبشرة | الجمال الكوري,2,,115701,1880,564,1316,,متاح لدى المصدر,https://cdn.shopify.com/s/files/1/0935/9550/0847/files/Anua_Rice_Ceramide_Product_1615x1615_d89633ef-889f-4044-8086-c9d9694006cf.webp?v=1772359513,منتج Anua Rice 7 + Ceramide Serum 50ml من korean product. التصنيف المرجعي: منتجات كورية. الحجم المذكور: 50 ml. الوسوم المرجعية: Dry Skin، Dryness، korean product، Moisturizers، Serums.,https://alfouadpharmacies.com/en/products/anua-rice-7-ceramide-serum-50ml,AlFouad Pharmacies,Verify usage rights before commercial publication,غير مثبت,غير مثبت,مرجعي فقط — غير معتمد للنشر التجاري,بيانات مرجعية متاحة؛ يلزم تحقق PM,ضمن الفحص المبدئي
12880456581423,medicube-collagen-glow-booster-serum-15ml,Medicube Collagen Glow Booster Serum 15ml,korean product,الجمال الكوري,الجمال الكوري,1,,115623,1850,555,1295,,متاح لدى المصدر,https://cdn.shopify.com/s/files/1/0935/9550/0847/files/medicube-collagen-glow-booster-serum-15ml-5850668.webp?v=1772356092,منتج Medicube Collagen Glow Booster Serum 15ml من korean product. التصنيف المرجعي: منتجات كورية. الحجم المذكور: 15 ml. الوسوم المرجعية: Anti-Aging، Fine Lines & Wrinkles، korean product، Serums.,https://alfouadpharmacies.com/en/products/medicube-collagen-glow-booster-serum-15ml,AlFouad Pharmacies,Verify usage rights before commercial publication,غير مثبت,غير مثبت,مرجعي فقط — غير معتمد للنشر التجاري,بيانات مرجعية متاحة؛ يلزم تحقق PM,ضمن الفحص المبدئي
12689553457455,some-by-mi-retinol-intense-trial-kit,مجموعة تجريبية مكثفة من الريتينول من SOME BY MI,korean product,الجمال الكوري,العناية بالبشرة | الجمال الكوري,2,,113915,1300,390,910,,غير متاح لدى المصدر,https://cdn.shopify.com/s/files/1/0935/9550/0847/files/somebymi_retinol_trialkit_ecommerce_standard.webp?v=1771833506,منتج مجموعة تجريبية مكثفة من الريتينول من SOME BY MI من korean product. التصنيف المرجعي: منتجات كورية. الوسوم المرجعية: Anti-Aging، Dark Circles & Puffiness، Fine Lines & Wrinkles، korean product، Serums، Skin Care.,https://alfouadpharmacies.com/en/products/some-by-mi-retinol-intense-trial-kit,AlFouad Pharmacies,Verify usage rights before commercial publication,غير مثبت,غير مثبت,مرجعي فقط — غير معتمد للنشر التجاري,بيانات مرجعية متاحة؛ يلزم تحقق PM,ضمن الفحص المبدئي
12689552933167,some-by-mi-snail-truecica-repair-cream-60gm,سوم باي مي سنيل تروسيكا ميراكل ريبير كريم 60 جم,korean product,الجمال الكوري,العناية بالبشرة | الجمال الكوري,2,عنايه بالكريم,113950,1512,453.6,1058.4,,متاح لدى المصدر,https://cdn.shopify.com/s/files/1/0935/9550/0847/files/1_-_2026-06-28T104642.431.webp?v=1782632825,منتج سوم باي مي سنيل تروسيكا ميراكل ريبير كريم 60 جم من korean product. التصنيف المرجعي: منتجات كورية — عنايه بالكريم. الوسوم المرجعية: Even Skin Tone / Pigmentation، Fine Lines & Wrinkles، korean product، Skin Care.,https://alfouadpharmacies.com/en/products/some-by-mi-snail-truecica-repair-cream-60gm,AlFouad Pharmacies,Verify usage rights before commercial publication,غير مثبت,غير مثبت,مرجعي فقط — غير معتمد للنشر التجاري,بيانات مرجعية متاحة؛ يلزم تحقق PM,ضمن الفحص المبدئي
12689552900399,some-by-mi-beta-panthenol-repair-cream,كريم إصلاح الشعر بيتا بانثينول من سام باي مي ,korean product,الجمال الكوري,العناية بالبشرة | الجمال الكوري,2,,113952,1250,375,875,,غير متاح لدى المصدر,https://cdn.shopify.com/s/files/1/0935/9550/0847/files/somebymi_beta_panthenol_ecommerce_standard.webp?v=1771833958,منتج كريم إصلاح الشعر بيتا بانثينول من سام باي مي  من korean product. التصنيف المرجعي: منتجات كورية. الوسوم المرجعية: Dry Skin، Dryness، korean product، Moisturizer Cream، Moisturizers، Sensitive Skin / Redness، Skin Care.,https://alfouadpharmacies.com/en/products/some-by-mi-beta-panthenol-repair-cream,AlFouad Pharmacies,Verify usage rights before commercial publication,غير مثبت,غير مثبت,مرجعي فقط — غير معتمد للنشر التجاري,بيانات مرجعية متاحة؛ يلزم تحقق PM,ضمن الفحص المبدئي
12689552834863,centella-ampoule-foam-125ml,أمبولات رغوية بخلاصة السنتيلا 125 مل ,korean product,الجمال الكوري,العناية بالبشرة | الجمال الكوري,2,,113953,1500,450,1050,,متاح لدى المصدر,https://cdn.shopify.com/s/files/1/0935/9550/0847/files/skin1004_centella_poremizing_foam_ecommerce_standard.webp?v=1771834297,منتج أمبولات رغوية بخلاصة السنتيلا 125 مل  من korean product. التصنيف المرجعي: منتجات كورية. الوسوم المرجعية: Dark Spots، Even Skin Tone، Even Skin Tone / Pigmentation، Face Wash، korean product، Sensetive Skin.,https://alfouadpharmacies.com/en/products/centella-ampoule-foam-125ml,AlFouad Pharmacies,Verify usage rights before commercial publication,غير مثبت,غير مثبت,مرجعي فقط — غير معتمد للنشر التجاري,بيانات مرجعية متاحة؛ يلزم تحقق PM,ضمن الفحص المبدئي
16031778013487,some-by-mi-yuja-niacin-anti-blemish-starter-kit,SOME BY MI YUJA NIACIN ANTI BLEMISH STARTER KIT,korean product,الجمال الكوري,العناية بالبشرة | الجمال الكوري,2,Skin Care,115698,1650,495,1155,,متاح لدى المصدر,https://cdn.shopify.com/s/files/1/0935/9550/0847/files/1_-_2026-06-28T105001.807.webp?v=1782633026,منتج SOME BY MI YUJA NIACIN ANTI BLEMISH STARTER KIT من korean product. التصنيف المرجعي: منتجات كورية — Skin Care. الوسوم المرجعية: korean product، Skin Care.,https://alfouadpharmacies.com/en/products/some-by-mi-yuja-niacin-anti-blemish-starter-kit,AlFouad Pharmacies,Verify usage rights before commercial publication,غير مثبت,غير مثبت,مرجعي فقط — غير معتمد للنشر التجاري,بيانات مرجعية متاحة؛ يلزم تحقق PM,ضمن الفحص المبدئي
12883406684463,anua-minis-serum-kit-3pcs-10ml,مجموعة أنوا سيروم ديسكفري تريو,korean product,الجمال الكوري,العناية بالبشرة | الجمال الكوري,2,SERUM,115699,1950,585,1365,,متاح لدى المصدر,https://cdn.shopify.com/s/files/1/0935/9550/0847/files/1_-_2026-06-28T101918.571.webp?v=1782631354,منتج مجموعة أنوا سيروم ديسكفري تريو من korean product. التصنيف المرجعي: منتجات كورية — SERUM. الوسوم المرجعية: Dehydrated Skin، korean product، Pores، Serums.,https://alfouadpharmacies.com/en/products/anua-minis-serum-kit-3pcs-10ml,AlFouad Pharmacies,Verify usage rights before commercial publication,غير مثبت,غير مثبت,مرجعي فقط — غير معتمد للنشر التجاري,بيانات مرجعية متاحة؛ يلزم تحقق PM,ضمن الفحص المبدئي
12689553916207,anua-heartleaf-bha-cleansing-foam-150ml,أنوا هارت ليف + رغوة التنظيف BHA 150 مل ,korean product,الجمال الكوري,العناية بالبشرة | الجمال الكوري,2,,113913,1570,471,1099,,متاح لدى المصدر,https://cdn.shopify.com/s/files/1/0935/9550/0847/files/anua_heartleaf_foam_ecommerce_standard.webp?v=1771831234,منتج أنوا هارت ليف + رغوة التنظيف BHA 150 مل  من korean product. التصنيف المرجعي: منتجات كورية. الوسوم المرجعية: Exfoliators، Face Wash، korean product، Oily Skin، Pores، Skin Care.,https://alfouadpharmacies.com/en/products/anua-heartleaf-bha-cleansing-foam-150ml,AlFouad Pharmacies,Verify usage rights before commercial publication,غير مثبت,غير مثبت,مرجعي فقط — غير معتمد للنشر التجاري,بيانات مرجعية متاحة؛ يلزم تحقق PM,ضمن الفحص المبدئي
12689553883439,anua-pdrn-hyaluron-serum-30ml,أنوا بي دي آر إن + سيروم هيالورون 30 مل ,korean product,الجمال الكوري,العناية بالبشرة | الجمال الكوري,2,,113916,1850,555,1295,,متاح لدى المصدر,https://cdn.shopify.com/s/files/1/0935/9550/0847/files/anua_pdrn100_ecommerce_standard.webp?v=1771831324,منتج أنوا بي دي آر إن + سيروم هيالورون 30 مل  من korean product. التصنيف المرجعي: منتجات كورية. الوسوم المرجعية: Anti-aging Cream، Fine Lines & Wrinkles، korean product، Serums، Skin Care، Treatments.,https://alfouadpharmacies.com/en/products/anua-pdrn-hyaluron-serum-30ml,AlFouad Pharmacies,Verify usage rights before commercial publication,غير مثبت,غير مثبت,مرجعي فقط — غير معتمد للنشر التجاري,بيانات مرجعية متاحة؛ يلزم تحقق PM,ضمن الفحص المبدئي
12689553850671,axis-y-dark-spot-correcting-glow-serum-50ml,سيروم أكسيس واي لتصحيح البقع الداكنة وإضفاء النضارة 50 مل ,korean product,الجمال الكوري,العناية بالبشرة | الجمال الكوري,2,,113901,1224,367.2,856.8,,متاح لدى المصدر,https://cdn.shopify.com/s/files/1/0935/9550/0847/files/axisy_darkspot_ecommerce_standard.webp?v=1771831480,منتج سيروم أكسيس واي لتصحيح البقع الداكنة وإضفاء النضارة 50 مل  من korean product. التصنيف المرجعي: منتجات كورية. الوسوم المرجعية: Dark Spots، Even Skin Tone، korean product، Serums، Skin Care، Treatments.,https://alfouadpharmacies.com/en/products/axis-y-dark-spot-correcting-glow-serum-50ml,AlFouad Pharmacies,Verify usage rights before commercial publication,غير مثبت,غير مثبت,مرجعي فقط — غير معتمد للنشر التجاري,بيانات مرجعية متاحة؛ يلزم تحقق PM,ضمن الفحص المبدئي
12689553555759,medicube-collagen-wrapping-night-mask-75ml,قناع ميديكيوب الليلي بالكولاجين 75 مل ,korean product,الجمال الكوري,العناية بالبشرة | الجمال الكوري,2,face mask,106326,1836,550.8,1285.2,,متاح لدى المصدر,https://cdn.shopify.com/s/files/1/0935/9550/0847/files/medicube_collagen_1615_web.webp?v=1788960432,منتج قناع ميديكيوب الليلي بالكولاجين 75 مل  من korean product. التصنيف المرجعي: منتجات كورية — face mask. الوسوم المرجعية: Anti-Aging، Face Mask، Fine Lines & Wrinkles، korean product، Skin Care.,https://alfouadpharmacies.com/en/products/medicube-collagen-wrapping-night-mask-75ml,AlFouad Pharmacies,Verify usage rights before commercial publication,غير مثبت,غير مثبت,مرجعي فقط — غير معتمد للنشر التجاري,بيانات مرجعية متاحة؛ يلزم تحقق PM,ضمن الفحص المبدئي
12689553424687,k18-leave-in-molecular-repair-hair-mask-50ml,ثورة البيبتيدات التي تصلح الروابط الكيراتينية المكسورة في 4 دقائق,korean product,الجمال الكوري,العناية بالشعر | الجمال الكوري,2,,113688,4800,1440,3360,,غير متاح لدى المصدر,https://cdn.shopify.com/s/files/1/0935/9550/0847/files/k18_molecular_mask_ecommerce_standard.webp?v=1771833628,منتج ثورة البيبتيدات التي تصلح الروابط الكيراتينية المكسورة في 4 دقائق من korean product. التصنيف المرجعي: منتجات كورية. الوسوم المرجعية: Dry & Damadged Hair، Dry & Damage Hair، Hair Care، Hair Mask، Hair Treatment، korean product.,https://alfouadpharmacies.com/en/products/k18-leave-in-molecular-repair-hair-mask-50ml,AlFouad Pharmacies,Verify usage rights before commercial publication,غير مثبت,غير مثبت,مرجعي فقط — غير معتمد للنشر التجاري,بيانات مرجعية متاحة؛ يلزم تحقق PM,ضمن الفحص المبدئي
12689552867631,some-by-mi-aha-bha-pha-miracle-cream-60gm,كريم المعجزة من سام باي مي، 60 غرام ,korean product,الجمال الكوري,العناية بالبشرة | الجمال الكوري,2,,105700,1720,516,1204,,متاح لدى المصدر,https://cdn.shopify.com/s/files/1/0935/9550/0847/files/somebymi_aha_bha_pha_miracle_cream_ecommerce_standard.webp?v=1771834165,منتج كريم المعجزة من سام باي مي، 60 غرام  من korean product. التصنيف المرجعي: منتجات كورية. الوسوم المرجعية: Acne & Blemishes، Face Scrub، korean product، Oily Skin، Pores، Sensetive Skin، Skin Care.,https://alfouadpharmacies.com/en/products/some-by-mi-aha-bha-pha-miracle-cream-60gm,AlFouad Pharmacies,Verify usage rights before commercial publication,غير مثبت,غير مثبت,مرجعي فقط — غير معتمد للنشر التجاري,بيانات مرجعية متاحة؛ يلزم تحقق PM,ضمن الفحص المبدئي
16122006503727,بلسم-فينو-بريميوم-تاتش,بلسم فينو بريميوم تاتش,korean product,الجمال الكوري,العناية بالشعر | الجمال الكوري,2,بلسم ,115620,2200,660,1540,,متاح لدى المصدر,https://cdn.shopify.com/s/files/1/0935/9550/0847/files/fino_premium_touch_conditioner_lifestyle_1615.webp?v=1786519575,منتج بلسم فينو بريميوم تاتش من korean product. التصنيف المرجعي: منتجات كورية — بلسم . الوسوم المرجعية: Hair Care.,https://alfouadpharmacies.com/en/products/بلسم-فينو-بريميوم-تاتش,AlFouad Pharmacies,Verify usage rights before commercial publication,غير مثبت,غير مثبت,مرجعي فقط — غير معتمد للنشر التجاري,بيانات مرجعية متاحة؛ يلزم تحقق PM,ضمن الفحص المبدئي
12689552769327,centella-tone-brightening-cleansing-gel-foam-125ml,جل رغوي منظف ومفتح للبشرة بخلاصة السنتيلا 125 مل ,korean product,الجمال الكوري,العناية بالبشرة | الجمال الكوري,2,,113954,1500,450,1050,,غير متاح لدى المصدر,https://cdn.shopify.com/s/files/1/0935/9550/0847/files/skin1004_tone_brightening_gelfoam_ecommerce_standard.webp?v=1771834541,منتج جل رغوي منظف ومفتح للبشرة بخلاصة السنتيلا 125 مل  من korean product. التصنيف المرجعي: منتجات كورية. الوسوم المرجعية: Dark Spots، Even Skin Tone، Even Skin Tone / Pigmentation، Face Wash، korean product، Skin Care.,https://alfouadpharmacies.com/en/products/centella-tone-brightening-cleansing-gel-foam-125ml,AlFouad Pharmacies,Verify usage rights before commercial publication,غير مثبت,غير مثبت,مرجعي فقط — غير معتمد للنشر التجاري,بيانات مرجعية متاحة؛ يلزم تحقق PM,ضمن الفحص المبدئي
12689515020591,cosrx-oil-free-ultra-moisturizing-lotion-100ml,لوشن كوسركس فائق الترطيب خالٍ من الزيوت 100 مل,korean product,الجمال الكوري,العناية بالبشرة | الجمال الكوري,2,,114064,1600,480,1120,,متاح لدى المصدر,https://cdn.shopify.com/s/files/1/0935/9550/0847/files/cosrx_oilfree_lotion_ecommerce_standard.webp?v=1771834841,منتج لوشن كوسركس فائق الترطيب خالٍ من الزيوت 100 مل من korean product. التصنيف المرجعي: منتجات كورية. الوسوم المرجعية: Dryness، korean product، Moisturizer Cream، Moisturizers، Oily Skin، Sensitive Skin / Redness، Skin Care، Smooth Texture.,https://alfouadpharmacies.com/en/products/cosrx-oil-free-ultra-moisturizing-lotion-100ml,AlFouad Pharmacies,Verify usage rights before commercial publication,غير مثبت,غير مثبت,مرجعي فقط — غير معتمد للنشر التجاري,بيانات مرجعية متاحة؛ يلزم تحقق PM,ضمن الفحص المبدئي
12689514889519,some-by-me-retinol-intense-serum-30-ml,سيروم ريتينول مكثف من سم باي مي 30 مل ,korean product,الجمال الكوري,الجمال الكوري,1,,114235,1656,496.8,1159.2,,متاح لدى المصدر,https://cdn.shopify.com/s/files/1/0935/9550/0847/files/some_by_mi_retinol_intense_1615x1615_e82dbae7-f264-440a-ad09-d597697e51d3.webp?v=1789905024,منتج سيروم ريتينول مكثف من سم باي مي 30 مل  من korean product. التصنيف المرجعي: منتجات كورية. الوسوم المرجعية: Anti-Aging، Fine Lines & Wrinkles، korean product، Serums.,https://alfouadpharmacies.com/en/products/some-by-me-retinol-intense-serum-30-ml,AlFouad Pharmacies,Verify usage rights before commercial publication,غير مثبت,غير مثبت,مرجعي فقط — غير معتمد للنشر التجاري,بيانات مرجعية متاحة؛ يلزم تحقق PM,ضمن الفحص المبدئي
16035812999471,eqqualberry-vitamin-illuminating-serum-30-ml,إيكوال بيري سيروم فيتامين للإشراقة 30 مل,korean product,الجمال الكوري,العناية بالبشرة | الجمال الكوري,2,سيرم,114720,1950,585,1365,,متاح لدى المصدر,https://cdn.shopify.com/s/files/1/0935/9550/0847/files/eqqual_berry_vitamin_illuminating_serum_1615x1615_0e03ae28-d286-46d2-bb2b-24370de5f0d6.webp?v=1788157770,منتج إيكوال بيري سيروم فيتامين للإشراقة 30 مل من korean product. التصنيف المرجعي: منتجات كورية — سيرم. الوسوم المرجعية: Serums، Skin Care، Vitamin C، Whitening Serum.,https://alfouadpharmacies.com/en/products/eqqualberry-vitamin-illuminating-serum-30-ml,AlFouad Pharmacies,Verify usage rights before commercial publication,غير مثبت,غير مثبت,مرجعي فقط — غير معتمد للنشر التجاري,بيانات مرجعية متاحة؛ يلزم تحقق PM,ضمن الفحص المبدئي
16035830432047,beauty-of-joseon-ginseng-moist-sun-serum-spf50-50,بيوتي أوف جوسون جلونج رايس صن سيروم SPF50 + 50ML ,korean product,الجمال الكوري,الجمال الكوري,1,سيرم ,116181,1650,495,1155,,متاح لدى المصدر,https://cdn.shopify.com/s/files/1/0935/9550/0847/files/3_27.webp?v=1782633503,منتج بيوتي أوف جوسون جلونج رايس صن سيروم SPF50 + 50ML  من korean product. التصنيف المرجعي: منتجات كورية — سيرم . الحجم المذكور: 50 ML. الوسوم المرجعية: Serums.,https://alfouadpharmacies.com/en/products/beauty-of-joseon-ginseng-moist-sun-serum-spf50-50,AlFouad Pharmacies,Verify usage rights before commercial publication,غير مثبت,غير مثبت,مرجعي فقط — غير معتمد للنشر التجاري,بيانات مرجعية متاحة؛ يلزم تحقق PM,ضمن الفحص المبدئي
16103191511343,سيروم-سيليماكس-ريتينول-شوت-لشد-البشرة-وتضييق-المسام-30-مل,سيروم سيليماكس ريتينول شوت لشد البشرة وتضييق المسام 30 مل,korean product,الجمال الكوري,الجمال الكوري,1,شد البشرة,114873,1400,420,980,,متاح لدى المصدر,https://cdn.shopify.com/s/files/1/0935/9550/0847/files/download_2.webp?v=1785236442,منتج سيروم سيليماكس ريتينول شوت لشد البشرة وتضييق المسام 30 مل من korean product. التصنيف المرجعي: منتجات كورية — شد البشرة. الوسوم المرجعية: Anti-Aging، CELIMAX، Fine Lines & Wrinkles، RETINAL.,https://alfouadpharmacies.com/en/products/سيروم-سيليماكس-ريتينول-شوت-لشد-البشرة-وتضييق-المسام-30-مل,AlFouad Pharmacies,Verify usage rights before commercial publication,غير مثبت,غير مثبت,مرجعي فقط — غير معتمد للنشر التجاري,بيانات مرجعية متاحة؛ يلزم تحقق PM,ضمن الفحص المبدئي
16117952446767,karseell-maca-power-hair-purple-shampoo-500ml,KARSEELL MACA POWER HAIR PURPLE SHAMPOO 500ML,korean product,الجمال الكوري,العناية بالشعر | الجمال الكوري,2,Shampoo,116711,750,225,525,,متاح لدى المصدر,https://cdn.shopify.com/s/files/1/0935/9550/0847/files/Karseell-Purple-Shampoo-5.webp?v=1786188047,منتج KARSEELL MACA POWER HAIR PURPLE SHAMPOO 500ML من korean product. التصنيف المرجعي: منتجات كورية — Shampoo. الحجم المذكور: 500 ML. الوسوم المرجعية: Hair Care، Hair Color، Hair Concerns، Hair Shampoo.,https://alfouadpharmacies.com/en/products/karseell-maca-power-hair-purple-shampoo-500ml,AlFouad Pharmacies,Verify usage rights before commercial publication,غير مثبت,غير مثبت,مرجعي فقط — غير معتمد للنشر التجاري,بيانات مرجعية متاحة؛ يلزم تحقق PM,ضمن الفحص المبدئي
16117951824175,karseell-maca-power-hair-shampoo-500ml-dry-damage,KARSEELL MACA POWER HAIR SHAMPOO 500ML DRY&DAMAGE,korean product,الجمال الكوري,العناية بالشعر | الجمال الكوري,2,Shampoo,114335,650,195,455,,متاح لدى المصدر,https://cdn.shopify.com/s/files/1/0935/9550/0847/files/Karseell-Argan-Oil-Deep-Repair-Shampoo-5.webp?v=1786187854,منتج KARSEELL MACA POWER HAIR SHAMPOO 500ML DRY&DAMAGE من korean product. التصنيف المرجعي: منتجات كورية — Shampoo. الحجم المذكور: 500 ML. الوسوم المرجعية: Dry & Damadged Hair، Dry & Damage Hair، Hair Care، Hair Concerns، Hair Shampoo.,https://alfouadpharmacies.com/en/products/karseell-maca-power-hair-shampoo-500ml-dry-damage,AlFouad Pharmacies,Verify usage rights before commercial publication,غير مثبت,غير مثبت,مرجعي فقط — غير معتمد للنشر التجاري,بيانات مرجعية متاحة؛ يلزم تحقق PM,ضمن الفحص المبدئي
16117947892015,قناع-الشعر-بالكولاجين-من-كارسيل,"قناع الشعر بالكولاجين من كارسيل
",korean product,الجمال الكوري,العناية بالشعر | الجمال الكوري,2,ماسك,113946,990,297,693,,متاح لدى المصدر,https://cdn.shopify.com/s/files/1/0935/9550/0847/files/karseell-collagen-hair-mask-6.webp?v=1786186442,"منتج قناع الشعر بالكولاجين من كارسيل
 من korean product. التصنيف المرجعي: منتجات كورية — ماسك. الوسوم المرجعية: Hair Care، Hair Concerns، Hair Mask.",https://alfouadpharmacies.com/en/products/قناع-الشعر-بالكولاجين-من-كارسيل,AlFouad Pharmacies,Verify usage rights before commercial publication,غير مثبت,غير مثبت,مرجعي فقط — غير معتمد للنشر التجاري,بيانات مرجعية متاحة؛ يلزم تحقق PM,ضمن الفحص المبدئي
16117951299887,بلسم-كارسيل-لإصلاح-الشعر-التالف-بعمق,"بلسم كارسيل لإصلاح الشعر التالف بعمق
",korean product,الجمال الكوري,العناية بالشعر | الجمال الكوري,2,بلسم,114341,650,195,455,,متاح لدى المصدر,https://cdn.shopify.com/s/files/1/0935/9550/0847/files/Karseell-Deep-Restoring-Hair-Conditioner-for-Damaged-Hair-5_1.webp?v=1786187492,"منتج بلسم كارسيل لإصلاح الشعر التالف بعمق
 من korean product. التصنيف المرجعي: منتجات كورية — بلسم. الوسوم المرجعية: Hair Care، Hair Concerns، Hair Conditioner.",https://alfouadpharmacies.com/en/products/بلسم-كارسيل-لإصلاح-الشعر-التالف-بعمق,AlFouad Pharmacies,Verify usage rights before commercial publication,غير مثبت,غير مثبت,مرجعي فقط — غير معتمد للنشر التجاري,بيانات مرجعية متاحة؛ يلزم تحقق PM,ضمن الفحص المبدئي
16117949858095,زيت-الأركان-المغربي-من-كارسيل-لعلاج-الشعر,زيت الأركان المغربي من كارسيل لعلاج الشعر,korean product,الجمال الكوري,العناية بالشعر | الجمال الكوري,2,Hair Serum & Oil,114135,1300,390,910,,متاح لدى المصدر,https://cdn.shopify.com/s/files/1/0935/9550/0847/files/Karseell-Moroccan-Argan-Oil-for-Hair-Healing-8.webp?v=1786187148,منتج زيت الأركان المغربي من كارسيل لعلاج الشعر من korean product. التصنيف المرجعي: منتجات كورية — Hair Serum & Oil. الوسوم المرجعية: Hair Care، Hair Concerns، Hair Oil.,https://alfouadpharmacies.com/en/products/زيت-الأركان-المغربي-من-كارسيل-لعلاج-الشعر,AlFouad Pharmacies,Verify usage rights before commercial publication,غير مثبت,غير مثبت,مرجعي فقط — غير معتمد للنشر التجاري,بيانات مرجعية متاحة؛ يلزم تحقق PM,ضمن الفحص المبدئي
16121967739183,ماسك-فينو-بريميوم-تاتش,ماسك فينو بريميوم تاتش,korean product,الجمال الكوري,الجمال الكوري,1,ماسك ,112240,1440,432,1008,,متاح لدى المصدر,https://cdn.shopify.com/s/files/1/0935/9550/0847/files/fino_premium_touch_hair_mask_lifestyle_1615.webp?v=1786518331,منتج ماسك فينو بريميوم تاتش من korean product. التصنيف المرجعي: منتجات كورية — ماسك . الوسوم المرجعية: Hair Mask.,https://alfouadpharmacies.com/en/products/ماسك-فينو-بريميوم-تاتش,AlFouad Pharmacies,Verify usage rights before commercial publication,غير مثبت,غير مثبت,مرجعي فقط — غير معتمد للنشر التجاري,بيانات مرجعية متاحة؛ يلزم تحقق PM,ضمن الفحص المبدئي
16121987629359,شامبو-فينو-بريميوم-تاتش,شامبو فينو بريميوم تاتش,korean product,الجمال الكوري,العناية بالشعر | الجمال الكوري,2,شامبو ,115432,2200,660,1540,,متاح لدى المصدر,https://cdn.shopify.com/s/files/1/0935/9550/0847/files/fino_premium_touch_shampoo_lifestyle_1615.webp?v=1786518981,منتج شامبو فينو بريميوم تاتش من korean product. التصنيف المرجعي: منتجات كورية — شامبو . الوسوم المرجعية: Hair Care.,https://alfouadpharmacies.com/en/products/شامبو-فينو-بريميوم-تاتش,AlFouad Pharmacies,Verify usage rights before commercial publication,غير مثبت,غير مثبت,مرجعي فقط — غير معتمد للنشر التجاري,بيانات مرجعية متاحة؛ يلزم تحقق PM,ضمن الفحص المبدئي
16146945966383,سيروم-إيكوال-بيري-لوش-بلاش-ناد-ببتيد-لتعزيز-نضارة-البشرة-30-مل,سيروم إيكوال بيري لوش بلاش ناد+ ببتيد لتعزيز نضارة البشرة 30 مل,korean product,الجمال الكوري,العناية بالبشرة | الجمال الكوري,2,سيرم ,115622,2000,600,1400,,متاح لدى المصدر,https://cdn.shopify.com/s/files/1/0935/9550/0847/files/eqqual_berry_nad_peptide_serum_1615x1615_75c49a29-b63c-425d-97b0-f30cef6b1197.webp?v=1788156881,منتج سيروم إيكوال بيري لوش بلاش ناد+ ببتيد لتعزيز نضارة البشرة 30 مل من korean product. التصنيف المرجعي: منتجات كورية — سيرم . الوسوم المرجعية: Serums، Skin Care، Whitening Serum.,https://alfouadpharmacies.com/en/products/سيروم-إيكوال-بيري-لوش-بلاش-ناد-ببتيد-لتعزيز-نضارة-البشرة-30-مل,AlFouad Pharmacies,Verify usage rights before commercial publication,غير مثبت,غير مثبت,مرجعي فقط — غير معتمد للنشر التجاري,بيانات مرجعية متاحة؛ يلزم تحقق PM,ضمن الفحص المبدئي
16146958418223,سيروم-إيكوال-بيري-ديب-سيرا-باكوتشيول-لامتلاء-وشد-البشرة-30-مل,سيروم إيكوال بيري ديب سيرا باكوتشيول لامتلاء وشد البشرة 30 مل,korean product,الجمال الكوري,العناية بالبشرة | الجمال الكوري,2,سيروم,115492,1930,579,1351,,متاح لدى المصدر,https://cdn.shopify.com/s/files/1/0935/9550/0847/files/eqqual_berry_bakuchiol_plumping_serum_1615x1615_d969c085-ebeb-4ae3-861d-33111ea80136.webp?v=1788157400,منتج سيروم إيكوال بيري ديب سيرا باكوتشيول لامتلاء وشد البشرة 30 مل من korean product. التصنيف المرجعي: منتجات كورية — سيروم. الوسوم المرجعية: Serums، Skin Care، Whitening Serum.,https://alfouadpharmacies.com/en/products/سيروم-إيكوال-بيري-ديب-سيرا-باكوتشيول-لامتلاء-وشد-البشرة-30-مل,AlFouad Pharmacies,Verify usage rights before commercial publication,غير مثبت,غير مثبت,مرجعي فقط — غير معتمد للنشر التجاري,بيانات مرجعية متاحة؛ يلزم تحقق PM,ضمن الفحص المبدئي
