source_record_id,product_name_current,brand_detected_candidate,category_draft,product_type_draft,category_confidence,current_pm_sku,gtin_existing,draft_original_arabic_description,pm_approved_price_egp,image_url_for_pm_use,official_identity_source,stock_cost_evidence,image_rights_status,next_action,commercial_status
rec0UZA5dMtLyTkSd,أديداس إنرجي كيك أكتيف سكين-مايند جل استحمام 400 مل,يحتاج تأكيد العلامة,العناية بالجسم,عناية بالجسم,MEDIUM,,3616303861124,أديداس إنرجي كيك أكتيف سكين-مايند جل استحمام 400 مل. عناية بالجسم من فئة العناية بالجسم، 400 مل. تُستكمل تفاصيل الاستخدام والمكونات والتحذيرات بعد مطابقة العبوة وصفحة الشركة المصنعة.,,,,ناقص/غير مثبت في اللقطة,لا توجد صورة PM موثقة,مطابقة GTIN والاسم والحجم مع العبوة/المصدر الرسمي؛ ثم توثيق المخزون والتكلفة والصورة,DRAFT — REVIEW REQUIRED; NOT PUBLISHABLE
rec1UD91ma98UwYpC,CeraVe SA Smoothing Cream Moisturiser 177ml,CeraVe,العناية بالبشرة,كريم/سيروم/عناية بالبشرة,MEDIUM,94906,3337875684095,CeraVe SA Smoothing Cream Moisturiser 177ml. كريم/سيروم/عناية بالبشرة من فئة العناية بالبشرة، 177ml. تُستكمل تفاصيل الاستخدام والمكونات والتحذيرات بعد مطابقة العبوة وصفحة الشركة المصنعة.,,,,ناقص/غير مثبت في اللقطة,لا توجد صورة PM موثقة,مطابقة GTIN والاسم والحجم مع العبوة/المصدر الرسمي؛ ثم توثيق المخزون والتكلفة والصورة,DRAFT — REVIEW REQUIRED; NOT PUBLISHABLE
rec1aSnqBzyqPKm94,CeraVe Hydrating Cleanser 236ml,CeraVe,العناية بالبشرة,منظف/غسول,MEDIUM,86067,3337875597180,CeraVe Hydrating Cleanser 236ml. منظف/غسول من فئة العناية بالبشرة، 236ml. تُستكمل تفاصيل الاستخدام والمكونات والتحذيرات بعد مطابقة العبوة وصفحة الشركة المصنعة.,,,https://www.cerave.eg/en/skincare/cleansers/hydrating-facial-cleanser,ناقص/غير مثبت في اللقطة,لا توجد صورة PM موثقة,مطابقة GTIN والاسم والحجم مع العبوة/المصدر الرسمي؛ ثم توثيق المخزون والتكلفة والصورة,DRAFT — REVIEW REQUIRED; NOT PUBLISHABLE
rec2mU5Xykqn6UNpS,برايمر مرطب من بورجوا هيلثي ميكس كلين آند فيجان 30 مل,يحتاج تأكيد العلامة,المكياج,مستحضر تجميل,MEDIUM,,3616303915551,برايمر مرطب من بورجوا هيلثي ميكس كلين آند فيجان 30 مل. مستحضر تجميل من فئة المكياج، 30 مل. تُستكمل تفاصيل الاستخدام والمكونات والتحذيرات بعد مطابقة العبوة وصفحة الشركة المصنعة.,,,,ناقص/غير مثبت في اللقطة,لا توجد صورة PM موثقة,مطابقة GTIN والاسم والحجم مع العبوة/المصدر الرسمي؛ ثم توثيق المخزون والتكلفة والصورة,DRAFT — REVIEW REQUIRED; NOT PUBLISHABLE
rec2r7p8JwRCI077r,SVR Xerial 10 Lait 200ml,SVR,مراجعة تصنيف يدوي,غير مؤكد,LOW,103973,3662361002412,SVR Xerial 10 Lait 200ml. غير مؤكد من فئة مراجعة تصنيف يدوي، 10 L. تُستكمل تفاصيل الاستخدام والمكونات والتحذيرات بعد مطابقة العبوة وصفحة الشركة المصنعة.,,,,ناقص/غير مثبت في اللقطة,لا توجد صورة PM موثقة,مطابقة GTIN والاسم والحجم مع العبوة/المصدر الرسمي؛ ثم توثيق المخزون والتكلفة والصورة,DRAFT — REVIEW REQUIRED; NOT PUBLISHABLE
rec3FYaVUEONPXv3i,إنفينيتي ناتشورالز كريم مرطب للجسم بخلاصة الفراولة 250 مل,يحتاج تأكيد العلامة,العناية بالبشرة,كريم/سيروم/عناية بالبشرة,MEDIUM,97987,6222019614809,إنفينيتي ناتشورالز كريم مرطب للجسم بخلاصة الفراولة 250 مل. كريم/سيروم/عناية بالبشرة من فئة العناية بالبشرة، 250 مل. تُستكمل تفاصيل الاستخدام والمكونات والتحذيرات بعد مطابقة العبوة وصفحة الشركة المصنعة.,,,,ناقص/غير مثبت في اللقطة,لا توجد صورة PM موثقة,مطابقة GTIN والاسم والحجم مع العبوة/المصدر الرسمي؛ ثم توثيق المخزون والتكلفة والصورة,DRAFT — REVIEW REQUIRED; NOT PUBLISHABLE
rec3ri3ASUmNlq0CH,إيموجي ألوها هاواي مزيل عرق 150 مل,يحتاج تأكيد العلامة,العناية بالجسم,عناية بالجسم,MEDIUM,,,إيموجي ألوها هاواي مزيل عرق 150 مل. عناية بالجسم من فئة العناية بالجسم، 150 مل. تُستكمل تفاصيل الاستخدام والمكونات والتحذيرات بعد مطابقة العبوة وصفحة الشركة المصنعة.,,,,ناقص/غير مثبت في اللقطة,لا توجد صورة PM موثقة,تأكيد الهوية وSKU/GTIN أولًا؛ لا تخترع كودًا,DRAFT — REVIEW REQUIRED; NOT PUBLISHABLE
rec3skCGOj7hYb181,أحمر الخدود السائل شيجلام كولور بلوم سوايب رايت,يحتاج تأكيد العلامة,مراجعة تصنيف يدوي,غير مؤكد,LOW,,,أحمر الخدود السائل شيجلام كولور بلوم سوايب رايت. غير مؤكد من فئة مراجعة تصنيف يدوي، الحجم يحتاج تأكيد. تُستكمل تفاصيل الاستخدام والمكونات والتحذيرات بعد مطابقة العبوة وصفحة الشركة المصنعة.,,,,ناقص/غير مثبت في اللقطة,لا توجد صورة PM موثقة,تأكيد الهوية وSKU/GTIN أولًا؛ لا تخترع كودًا,DRAFT — REVIEW REQUIRED; NOT PUBLISHABLE
rec4c8el56YMzgvPP,أحمر شفاه بوم مطفي يدوم طويلًا دينامات من شيجلام نو ماين كاركتر,يحتاج تأكيد العلامة,المكياج,مستحضر تجميل,MEDIUM,,,أحمر شفاه بوم مطفي يدوم طويلًا دينامات من شيجلام نو ماين كاركتر. مستحضر تجميل من فئة المكياج، الحجم يحتاج تأكيد. تُستكمل تفاصيل الاستخدام والمكونات والتحذيرات بعد مطابقة العبوة وصفحة الشركة المصنعة.,,,,ناقص/غير مثبت في اللقطة,لا توجد صورة PM موثقة,تأكيد الهوية وSKU/GTIN أولًا؛ لا تخترع كودًا,DRAFT — REVIEW REQUIRED; NOT PUBLISHABLE
rec4rlfzJ8fQvRDHC,ست آيفز مقشر المشمش 150 جم,يحتاج تأكيد العلامة,العناية بالبشرة,كريم/سيروم/عناية بالبشرة,MEDIUM,,,ست آيفز مقشر المشمش 150 جم. كريم/سيروم/عناية بالبشرة من فئة العناية بالبشرة، 150 جم. تُستكمل تفاصيل الاستخدام والمكونات والتحذيرات بعد مطابقة العبوة وصفحة الشركة المصنعة.,,,,ناقص/غير مثبت في اللقطة,لا توجد صورة PM موثقة,تأكيد الهوية وSKU/GTIN أولًا؛ لا تخترع كودًا,DRAFT — REVIEW REQUIRED; NOT PUBLISHABLE
rec5mLIdPjjwmpzV5,Dermaelle Advanced Retinol Multi-Peptides Serum 30ml,Dermaelle,العناية بالبشرة,كريم/سيروم/عناية بالبشرة,MEDIUM,DERMAELLE028,,Dermaelle Advanced Retinol Multi-Peptides Serum 30ml. كريم/سيروم/عناية بالبشرة من فئة العناية بالبشرة، 30ml. تُستكمل تفاصيل الاستخدام والمكونات والتحذيرات بعد مطابقة العبوة وصفحة الشركة المصنعة.,,,,وجود حقول مخزون وتكلفة؛ يلزم إعادة تحقق,رابط موجود؛ الحقوق غير مؤكدة,تأكيد الهوية وSKU/GTIN أولًا؛ لا تخترع كودًا,DRAFT — REVIEW REQUIRED; NOT PUBLISHABLE
rec6IT76qgpZYU8LX,دوف غسول اليدين المنعش 500 مل,يحتاج تأكيد العلامة,العناية بالبشرة,منظف/غسول,MEDIUM,,,دوف غسول اليدين المنعش 500 مل. منظف/غسول من فئة العناية بالبشرة، 500 مل. تُستكمل تفاصيل الاستخدام والمكونات والتحذيرات بعد مطابقة العبوة وصفحة الشركة المصنعة.,,,,ناقص/غير مثبت في اللقطة,لا توجد صورة PM موثقة,تأكيد الهوية وSKU/GTIN أولًا؛ لا تخترع كودًا,DRAFT — REVIEW REQUIRED; NOT PUBLISHABLE
rec75iQo1GnvOxLvg,الإفريقي الخام جل الصبار 150 مل,يحتاج تأكيد العلامة,العناية بالجسم,عناية بالجسم,MEDIUM,,,الإفريقي الخام جل الصبار 150 مل. عناية بالجسم من فئة العناية بالجسم، 150 مل. تُستكمل تفاصيل الاستخدام والمكونات والتحذيرات بعد مطابقة العبوة وصفحة الشركة المصنعة.,,,,ناقص/غير مثبت في اللقطة,لا توجد صورة PM موثقة,تأكيد الهوية وSKU/GTIN أولًا؛ لا تخترع كودًا,DRAFT — REVIEW REQUIRED; NOT PUBLISHABLE
rec9ZGCjoyPN2G3X8,إنشانتور تشارمينج لوشن للجسم 250 مل,يحتاج تأكيد العلامة,العناية بالبشرة,كريم/سيروم/عناية بالبشرة,MEDIUM,,,إنشانتور تشارمينج لوشن للجسم 250 مل. كريم/سيروم/عناية بالبشرة من فئة العناية بالبشرة، 250 مل. تُستكمل تفاصيل الاستخدام والمكونات والتحذيرات بعد مطابقة العبوة وصفحة الشركة المصنعة.,,,,ناقص/غير مثبت في اللقطة,لا توجد صورة PM موثقة,تأكيد الهوية وSKU/GTIN أولًا؛ لا تخترع كودًا,DRAFT — REVIEW REQUIRED; NOT PUBLISHABLE
recAPpElJMFtLhT73,ACM MEDISUN Mattifying Gel SPF 50+ 40ml,ACM,العناية بالبشرة,كريم/سيروم/عناية بالبشرة,MEDIUM,98210,3760095254296,ACM MEDISUN Mattifying Gel SPF 50+ 40ml. كريم/سيروم/عناية بالبشرة من فئة العناية بالبشرة، 40ml. تُستكمل تفاصيل الاستخدام والمكونات والتحذيرات بعد مطابقة العبوة وصفحة الشركة المصنعة.,,,,ناقص/غير مثبت في اللقطة,لا توجد صورة PM موثقة,مطابقة GTIN والاسم والحجم مع العبوة/المصدر الرسمي؛ ثم توثيق المخزون والتكلفة والصورة,DRAFT — REVIEW REQUIRED; NOT PUBLISHABLE
recCE82DSsI4TAEcr,جوانس سبراى منشط للشعر 120 مل,يحتاج تأكيد العلامة,مراجعة تصنيف يدوي,غير مؤكد,LOW,,,جوانس سبراى منشط للشعر 120 مل. غير مؤكد من فئة مراجعة تصنيف يدوي، 120 مل. تُستكمل تفاصيل الاستخدام والمكونات والتحذيرات بعد مطابقة العبوة وصفحة الشركة المصنعة.,,,,ناقص/غير مثبت في اللقطة,لا توجد صورة PM موثقة,تأكيد الهوية وSKU/GTIN أولًا؛ لا تخترع كودًا,DRAFT — REVIEW REQUIRED; NOT PUBLISHABLE
recEde1qCw6ju79IV,SVR سيبيا كلير هيدرا كريم 40 مل,SVR,العناية بالبشرة,كريم/سيروم/عناية بالبشرة,MEDIUM,103971,3662361003594,SVR سيبيا كلير هيدرا كريم 40 مل. كريم/سيروم/عناية بالبشرة من فئة العناية بالبشرة، 40 مل. تُستكمل تفاصيل الاستخدام والمكونات والتحذيرات بعد مطابقة العبوة وصفحة الشركة المصنعة.,,,,ناقص/غير مثبت في اللقطة,لا توجد صورة PM موثقة,مطابقة GTIN والاسم والحجم مع العبوة/المصدر الرسمي؛ ثم توثيق المخزون والتكلفة والصورة,DRAFT — REVIEW REQUIRED; NOT PUBLISHABLE
recEy9xtt04gK99XI,سيروم الشعر أتركتا ريفورس 200 مل,يحتاج تأكيد العلامة,العناية بالشعر,عناية بالشعر,MEDIUM,,,سيروم الشعر أتركتا ريفورس 200 مل. عناية بالشعر من فئة العناية بالشعر، 200 مل. تُستكمل تفاصيل الاستخدام والمكونات والتحذيرات بعد مطابقة العبوة وصفحة الشركة المصنعة.,,,,ناقص/غير مثبت في اللقطة,لا توجد صورة PM موثقة,تأكيد الهوية وSKU/GTIN أولًا؛ لا تخترع كودًا,DRAFT — REVIEW REQUIRED; NOT PUBLISHABLE
recF077TDvXYtyLtB,أليجون زيت تان 200 مل,يحتاج تأكيد العلامة,العناية بالبشرة,كريم/سيروم/عناية بالبشرة,MEDIUM,,,أليجون زيت تان 200 مل. كريم/سيروم/عناية بالبشرة من فئة العناية بالبشرة، 200 مل. تُستكمل تفاصيل الاستخدام والمكونات والتحذيرات بعد مطابقة العبوة وصفحة الشركة المصنعة.,,,,ناقص/غير مثبت في اللقطة,لا توجد صورة PM موثقة,تأكيد الهوية وSKU/GTIN أولًا؛ لا تخترع كودًا,DRAFT — REVIEW REQUIRED; NOT PUBLISHABLE
recFmTX7oT1DpoBWl,ايشادو مضغوط من تكنيك مكون 15 لون هوت لوف مطفي,يحتاج تأكيد العلامة,المكياج,مستحضر تجميل,MEDIUM,,,ايشادو مضغوط من تكنيك مكون 15 لون هوت لوف مطفي. مستحضر تجميل من فئة المكياج، 15 ل. تُستكمل تفاصيل الاستخدام والمكونات والتحذيرات بعد مطابقة العبوة وصفحة الشركة المصنعة.,,,,ناقص/غير مثبت في اللقطة,لا توجد صورة PM موثقة,تأكيد الهوية وSKU/GTIN أولًا؛ لا تخترع كودًا,DRAFT — REVIEW REQUIRED; NOT PUBLISHABLE
recHDFqtCc6IjQ223,برتي وومان ماسكارا PWC-017,يحتاج تأكيد العلامة,المكياج,مستحضر تجميل,MEDIUM,,,برتي وومان ماسكارا PWC-017. مستحضر تجميل من فئة المكياج، الحجم يحتاج تأكيد. تُستكمل تفاصيل الاستخدام والمكونات والتحذيرات بعد مطابقة العبوة وصفحة الشركة المصنعة.,,,,ناقص/غير مثبت في اللقطة,لا توجد صورة PM موثقة,تأكيد الهوية وSKU/GTIN أولًا؛ لا تخترع كودًا,DRAFT — REVIEW REQUIRED; NOT PUBLISHABLE
recHUn5QjiQ2LJcQd,جل الاستحمام المغذي بعمق من دوف 500 مل مستورد,يحتاج تأكيد العلامة,العناية بالجسم,عناية بالجسم,MEDIUM,,,جل الاستحمام المغذي بعمق من دوف 500 مل مستورد. عناية بالجسم من فئة العناية بالجسم، 500 مل. تُستكمل تفاصيل الاستخدام والمكونات والتحذيرات بعد مطابقة العبوة وصفحة الشركة المصنعة.,,,,ناقص/غير مثبت في اللقطة,لا توجد صورة PM موثقة,تأكيد الهوية وSKU/GTIN أولًا؛ لا تخترع كودًا,DRAFT — REVIEW REQUIRED; NOT PUBLISHABLE
recHp2aOIn7K9pSww,فازلين تونك الشعر 200 مل,يحتاج تأكيد العلامة,العناية بالشعر,عناية بالشعر,MEDIUM,78704,6281006450172,فازلين تونك الشعر 200 مل. عناية بالشعر من فئة العناية بالشعر، 200 مل. تُستكمل تفاصيل الاستخدام والمكونات والتحذيرات بعد مطابقة العبوة وصفحة الشركة المصنعة.,,,,ناقص/غير مثبت في اللقطة,لا توجد صورة PM موثقة,مطابقة GTIN والاسم والحجم مع العبوة/المصدر الرسمي؛ ثم توثيق المخزون والتكلفة والصورة,DRAFT — REVIEW REQUIRED; NOT PUBLISHABLE
recIxn9Th0VOa1mWP,جل استحمام كاماي بجوز الهند 1 لتر,يحتاج تأكيد العلامة,العناية بالجسم,عناية بالجسم,MEDIUM,,,جل استحمام كاماي بجوز الهند 1 لتر. عناية بالجسم من فئة العناية بالجسم، 1 ل. تُستكمل تفاصيل الاستخدام والمكونات والتحذيرات بعد مطابقة العبوة وصفحة الشركة المصنعة.,,,,ناقص/غير مثبت في اللقطة,لا توجد صورة PM موثقة,تأكيد الهوية وSKU/GTIN أولًا؛ لا تخترع كودًا,DRAFT — REVIEW REQUIRED; NOT PUBLISHABLE
recJTdQPy0r0iDaCO,برتي وومان ماسكارا سبيكترا لاش PWC-008,يحتاج تأكيد العلامة,المكياج,مستحضر تجميل,MEDIUM,,,برتي وومان ماسكارا سبيكترا لاش PWC-008. مستحضر تجميل من فئة المكياج، الحجم يحتاج تأكيد. تُستكمل تفاصيل الاستخدام والمكونات والتحذيرات بعد مطابقة العبوة وصفحة الشركة المصنعة.,,,,ناقص/غير مثبت في اللقطة,لا توجد صورة PM موثقة,تأكيد الهوية وSKU/GTIN أولًا؛ لا تخترع كودًا,DRAFT — REVIEW REQUIRED; NOT PUBLISHABLE
recJUyMJ5E0G3IO0P,تيلوفيل فيري بيري غسول الجسم 500 مل,يحتاج تأكيد العلامة,العناية بالجسم,عناية بالجسم,MEDIUM,,,تيلوفيل فيري بيري غسول الجسم 500 مل. عناية بالجسم من فئة العناية بالجسم، 500 مل. تُستكمل تفاصيل الاستخدام والمكونات والتحذيرات بعد مطابقة العبوة وصفحة الشركة المصنعة.,,,,ناقص/غير مثبت في اللقطة,لا توجد صورة PM موثقة,تأكيد الهوية وSKU/GTIN أولًا؛ لا تخترع كودًا,DRAFT — REVIEW REQUIRED; NOT PUBLISHABLE
recKlz1jjwceGaBmo,أمبولات الصبار إيفا بزيت الأرجان 4 قطع,يحتاج تأكيد العلامة,مراجعة تصنيف يدوي,غير مؤكد,LOW,,,أمبولات الصبار إيفا بزيت الأرجان 4 قطع. غير مؤكد من فئة مراجعة تصنيف يدوي، 4 قطع. تُستكمل تفاصيل الاستخدام والمكونات والتحذيرات بعد مطابقة العبوة وصفحة الشركة المصنعة.,,,,ناقص/غير مثبت في اللقطة,لا توجد صورة PM موثقة,تأكيد الهوية وSKU/GTIN أولًا؛ لا تخترع كودًا,DRAFT — REVIEW REQUIRED; NOT PUBLISHABLE
recLgcl9atgmCLHEx,باليت أحمر خدود شيجلام فلورال فلاش – فلورال فلاش,يحتاج تأكيد العلامة,المكياج,مستحضر تجميل,MEDIUM,,,باليت أحمر خدود شيجلام فلورال فلاش – فلورال فلاش. مستحضر تجميل من فئة المكياج، الحجم يحتاج تأكيد. تُستكمل تفاصيل الاستخدام والمكونات والتحذيرات بعد مطابقة العبوة وصفحة الشركة المصنعة.,,,,ناقص/غير مثبت في اللقطة,لا توجد صورة PM موثقة,تأكيد الهوية وSKU/GTIN أولًا؛ لا تخترع كودًا,DRAFT — REVIEW REQUIRED; NOT PUBLISHABLE
recMO6nr1HFIckwny,بريمو بلس لوشن ملطف للبشرة 120 مل,يحتاج تأكيد العلامة,العناية بالبشرة,كريم/سيروم/عناية بالبشرة,MEDIUM,,,بريمو بلس لوشن ملطف للبشرة 120 مل. كريم/سيروم/عناية بالبشرة من فئة العناية بالبشرة، 120 مل. تُستكمل تفاصيل الاستخدام والمكونات والتحذيرات بعد مطابقة العبوة وصفحة الشركة المصنعة.,,,,ناقص/غير مثبت في اللقطة,لا توجد صورة PM موثقة,تأكيد الهوية وSKU/GTIN أولًا؛ لا تخترع كودًا,DRAFT — REVIEW REQUIRED; NOT PUBLISHABLE
recO5R1URfvHNwKbs,أديداس كول داون أكتيف سكين آند مايند جل استحمام 400 مل,يحتاج تأكيد العلامة,العناية بالجسم,عناية بالجسم,MEDIUM,,,أديداس كول داون أكتيف سكين آند مايند جل استحمام 400 مل. عناية بالجسم من فئة العناية بالجسم، 400 مل. تُستكمل تفاصيل الاستخدام والمكونات والتحذيرات بعد مطابقة العبوة وصفحة الشركة المصنعة.,,,,ناقص/غير مثبت في اللقطة,لا توجد صورة PM موثقة,تأكيد الهوية وSKU/GTIN أولًا؛ لا تخترع كودًا,DRAFT — REVIEW REQUIRED; NOT PUBLISHABLE
recONCuVq2WwpNnsJ,سيروم إعادة هيكلة الشعر بالكيراتين 100 مل,يحتاج تأكيد العلامة,العناية بالشعر,عناية بالشعر,MEDIUM,,,سيروم إعادة هيكلة الشعر بالكيراتين 100 مل. عناية بالشعر من فئة العناية بالشعر، 100 مل. تُستكمل تفاصيل الاستخدام والمكونات والتحذيرات بعد مطابقة العبوة وصفحة الشركة المصنعة.,,,,ناقص/غير مثبت في اللقطة,لا توجد صورة PM موثقة,تأكيد الهوية وSKU/GTIN أولًا؛ لا تخترع كودًا,DRAFT — REVIEW REQUIRED; NOT PUBLISHABLE
recOt9K6WE8SwsRa7,مود هاواي غسول اليدين 500 مل,يحتاج تأكيد العلامة,العناية بالبشرة,منظف/غسول,MEDIUM,,,مود هاواي غسول اليدين 500 مل. منظف/غسول من فئة العناية بالبشرة، 500 مل. تُستكمل تفاصيل الاستخدام والمكونات والتحذيرات بعد مطابقة العبوة وصفحة الشركة المصنعة.,,,,ناقص/غير مثبت في اللقطة,لا توجد صورة PM موثقة,تأكيد الهوية وSKU/GTIN أولًا؛ لا تخترع كودًا,DRAFT — REVIEW REQUIRED; NOT PUBLISHABLE
recPlXygmcg98TwdE,بيوليك سيروم مكثف لإحياء البشرة 30 مل,يحتاج تأكيد العلامة,العناية بالبشرة,كريم/سيروم/عناية بالبشرة,MEDIUM,100004,5902802707833,بيوليك سيروم مكثف لإحياء البشرة 30 مل. كريم/سيروم/عناية بالبشرة من فئة العناية بالبشرة، 30 مل. تُستكمل تفاصيل الاستخدام والمكونات والتحذيرات بعد مطابقة العبوة وصفحة الشركة المصنعة.,,,,ناقص/غير مثبت في اللقطة,لا توجد صورة PM موثقة,مطابقة GTIN والاسم والحجم مع العبوة/المصدر الرسمي؛ ثم توثيق المخزون والتكلفة والصورة,DRAFT — REVIEW REQUIRED; NOT PUBLISHABLE
recPuPw7afgUZPvp1,Dermaelle Face Cleanser Gel for Oily/Acne Skin with Salicylic Acid 200ml,Dermaelle,العناية بالبشرة,منظف/غسول,MEDIUM,DERMAELLE008,,Dermaelle Face Cleanser Gel for Oily/Acne Skin with Salicylic Acid 200ml. منظف/غسول من فئة العناية بالبشرة، 200ml. تُستكمل تفاصيل الاستخدام والمكونات والتحذيرات بعد مطابقة العبوة وصفحة الشركة المصنعة.,,,,وجود حقول مخزون وتكلفة؛ يلزم إعادة تحقق,لا توجد صورة PM موثقة,تأكيد الهوية وSKU/GTIN أولًا؛ لا تخترع كودًا,DRAFT — REVIEW REQUIRED; NOT PUBLISHABLE
recQGjthxiZFJ4a17,بادي ميلك الكريمي بجوز الهند من موود إيل 200 مل,يحتاج تأكيد العلامة,العناية بالجسم,عناية بالجسم,MEDIUM,,,بادي ميلك الكريمي بجوز الهند من موود إيل 200 مل. عناية بالجسم من فئة العناية بالجسم، 200 مل. تُستكمل تفاصيل الاستخدام والمكونات والتحذيرات بعد مطابقة العبوة وصفحة الشركة المصنعة.,,,,ناقص/غير مثبت في اللقطة,لا توجد صورة PM موثقة,تأكيد الهوية وSKU/GTIN أولًا؛ لا تخترع كودًا,DRAFT — REVIEW REQUIRED; NOT PUBLISHABLE
recQzS7b8n7fIxhYt,سيروليز مصل الشعر 120 مل,يحتاج تأكيد العلامة,العناية بالشعر,عناية بالشعر,MEDIUM,,,سيروليز مصل الشعر 120 مل. عناية بالشعر من فئة العناية بالشعر، 120 مل. تُستكمل تفاصيل الاستخدام والمكونات والتحذيرات بعد مطابقة العبوة وصفحة الشركة المصنعة.,,,,ناقص/غير مثبت في اللقطة,لا توجد صورة PM موثقة,تأكيد الهوية وSKU/GTIN أولًا؛ لا تخترع كودًا,DRAFT — REVIEW REQUIRED; NOT PUBLISHABLE
recS8h9PFioqNNsre,إيفا مقشر الجسم ناتشورال جلو 250 جم,يحتاج تأكيد العلامة,العناية بالجسم,عناية بالجسم,MEDIUM,94964,6223001382706,إيفا مقشر الجسم ناتشورال جلو 250 جم. عناية بالجسم من فئة العناية بالجسم، 250 جم. تُستكمل تفاصيل الاستخدام والمكونات والتحذيرات بعد مطابقة العبوة وصفحة الشركة المصنعة.,,,,ناقص/غير مثبت في اللقطة,لا توجد صورة PM موثقة,مطابقة GTIN والاسم والحجم مع العبوة/المصدر الرسمي؛ ثم توثيق المخزون والتكلفة والصورة,DRAFT — REVIEW REQUIRED; NOT PUBLISHABLE
recScWyNevt2owvbK,سيرم لوريال ميتال ديتوكس 50 مل,يحتاج تأكيد العلامة,العناية بالبشرة,كريم/سيروم/عناية بالبشرة,MEDIUM,,,سيرم لوريال ميتال ديتوكس 50 مل. كريم/سيروم/عناية بالبشرة من فئة العناية بالبشرة، 50 مل. تُستكمل تفاصيل الاستخدام والمكونات والتحذيرات بعد مطابقة العبوة وصفحة الشركة المصنعة.,,,,ناقص/غير مثبت في اللقطة,لا توجد صورة PM موثقة,تأكيد الهوية وSKU/GTIN أولًا؛ لا تخترع كودًا,DRAFT — REVIEW REQUIRED; NOT PUBLISHABLE
recTdlwPy0nUUKEVy,بلسم توب هير لمكافحة تساقط الشعر 250 مل,يحتاج تأكيد العلامة,العناية بالشعر,عناية بالشعر,MEDIUM,,,بلسم توب هير لمكافحة تساقط الشعر 250 مل. عناية بالشعر من فئة العناية بالشعر، 250 مل. تُستكمل تفاصيل الاستخدام والمكونات والتحذيرات بعد مطابقة العبوة وصفحة الشركة المصنعة.,,,,ناقص/غير مثبت في اللقطة,لا توجد صورة PM موثقة,تأكيد الهوية وSKU/GTIN أولًا؛ لا تخترع كودًا,DRAFT — REVIEW REQUIRED; NOT PUBLISHABLE
recUS5ftlrQXc6nWr,كريم الاستحمام إيفا برائحة الموكا 370 مل,يحتاج تأكيد العلامة,العناية بالبشرة,كريم/سيروم/عناية بالبشرة,MEDIUM,101023,6223001388746,كريم الاستحمام إيفا برائحة الموكا 370 مل. كريم/سيروم/عناية بالبشرة من فئة العناية بالبشرة، 370 مل. تُستكمل تفاصيل الاستخدام والمكونات والتحذيرات بعد مطابقة العبوة وصفحة الشركة المصنعة.,,,,ناقص/غير مثبت في اللقطة,لا توجد صورة PM موثقة,مطابقة GTIN والاسم والحجم مع العبوة/المصدر الرسمي؛ ثم توثيق المخزون والتكلفة والصورة,DRAFT — REVIEW REQUIRED; NOT PUBLISHABLE
recUpqX9F9446kaeg,بايو أويل زيت علاجي للجنسين 125 مل,يحتاج تأكيد العلامة,العناية بالبشرة,كريم/سيروم/عناية بالبشرة,MEDIUM,85855,6001159114741,بايو أويل زيت علاجي للجنسين 125 مل. كريم/سيروم/عناية بالبشرة من فئة العناية بالبشرة، 125 مل. تُستكمل تفاصيل الاستخدام والمكونات والتحذيرات بعد مطابقة العبوة وصفحة الشركة المصنعة.,,,,ناقص/غير مثبت في اللقطة,لا توجد صورة PM موثقة,مطابقة GTIN والاسم والحجم مع العبوة/المصدر الرسمي؛ ثم توثيق المخزون والتكلفة والصورة,DRAFT — REVIEW REQUIRED; NOT PUBLISHABLE
recVjFp6TPT45jwxT,بيزلاين كريم لتبييض المنطقة الحساسة 50 مل,يحتاج تأكيد العلامة,العناية بالبشرة,كريم/سيروم/عناية بالبشرة,MEDIUM,82197,5281018003145,بيزلاين كريم لتبييض المنطقة الحساسة 50 مل. كريم/سيروم/عناية بالبشرة من فئة العناية بالبشرة، 50 مل. تُستكمل تفاصيل الاستخدام والمكونات والتحذيرات بعد مطابقة العبوة وصفحة الشركة المصنعة.,,,,ناقص/غير مثبت في اللقطة,لا توجد صورة PM موثقة,مطابقة GTIN والاسم والحجم مع العبوة/المصدر الرسمي؛ ثم توثيق المخزون والتكلفة والصورة,DRAFT — REVIEW REQUIRED; NOT PUBLISHABLE
recVnQuQ6xMCw2ejB,CeraVe Blemish Control Gel Moisturiser,CeraVe,العناية بالبشرة,كريم/سيروم/عناية بالبشرة,MEDIUM,97158,3337875782357,CeraVe Blemish Control Gel Moisturiser. كريم/سيروم/عناية بالبشرة من فئة العناية بالبشرة، الحجم يحتاج تأكيد. تُستكمل تفاصيل الاستخدام والمكونات والتحذيرات بعد مطابقة العبوة وصفحة الشركة المصنعة.,,,,ناقص/غير مثبت في اللقطة,لا توجد صورة PM موثقة,مطابقة GTIN والاسم والحجم مع العبوة/المصدر الرسمي؛ ثم توثيق المخزون والتكلفة والصورة,DRAFT — REVIEW REQUIRED; NOT PUBLISHABLE
recWQmyyOQquzlWGp,بلوبيك زيت للشعر 150 مل,يحتاج تأكيد العلامة,العناية بالشعر,عناية بالشعر,MEDIUM,,,بلوبيك زيت للشعر 150 مل. عناية بالشعر من فئة العناية بالشعر، 150 مل. تُستكمل تفاصيل الاستخدام والمكونات والتحذيرات بعد مطابقة العبوة وصفحة الشركة المصنعة.,,,,ناقص/غير مثبت في اللقطة,لا توجد صورة PM موثقة,تأكيد الهوية وSKU/GTIN أولًا؛ لا تخترع كودًا,DRAFT — REVIEW REQUIRED; NOT PUBLISHABLE
recWXGf5i8fPQG3oi,أحمر خدود سائل ملون من شيجلام – روز ريتشوال 5.2 مل,يحتاج تأكيد العلامة,المكياج,مستحضر تجميل,MEDIUM,,,أحمر خدود سائل ملون من شيجلام – روز ريتشوال 5.2 مل. مستحضر تجميل من فئة المكياج، 5.2 مل. تُستكمل تفاصيل الاستخدام والمكونات والتحذيرات بعد مطابقة العبوة وصفحة الشركة المصنعة.,,,,ناقص/غير مثبت في اللقطة,لا توجد صورة PM موثقة,تأكيد الهوية وSKU/GTIN أولًا؛ لا تخترع كودًا,DRAFT — REVIEW REQUIRED; NOT PUBLISHABLE
recY9uJ6NvKU20d0U,أكسجين أو وايت كريم المضاد للبقع البنية 50 مل,يحتاج تأكيد العلامة,العناية بالبشرة,كريم/سيروم/عناية بالبشرة,MEDIUM,,,أكسجين أو وايت كريم المضاد للبقع البنية 50 مل. كريم/سيروم/عناية بالبشرة من فئة العناية بالبشرة، 50 مل. تُستكمل تفاصيل الاستخدام والمكونات والتحذيرات بعد مطابقة العبوة وصفحة الشركة المصنعة.,,,,ناقص/غير مثبت في اللقطة,لا توجد صورة PM موثقة,تأكيد الهوية وSKU/GTIN أولًا؛ لا تخترع كودًا,DRAFT — REVIEW REQUIRED; NOT PUBLISHABLE
recYzQ4jiLxdXGYZX,البيسين ليكويد لمنع تساقط الشعر 200 مل,يحتاج تأكيد العلامة,العناية بالشعر,عناية بالشعر,MEDIUM,,,البيسين ليكويد لمنع تساقط الشعر 200 مل. عناية بالشعر من فئة العناية بالشعر، 200 مل. تُستكمل تفاصيل الاستخدام والمكونات والتحذيرات بعد مطابقة العبوة وصفحة الشركة المصنعة.,,,,ناقص/غير مثبت في اللقطة,لا توجد صورة PM موثقة,تأكيد الهوية وSKU/GTIN أولًا؛ لا تخترع كودًا,DRAFT — REVIEW REQUIRED; NOT PUBLISHABLE
recaXYS2tzfMt7csY,تيتيلو شامبو المضاد لتساقط الشعر عبوة 200 مل,يحتاج تأكيد العلامة,العناية بالشعر,عناية بالشعر,MEDIUM,,,تيتيلو شامبو المضاد لتساقط الشعر عبوة 200 مل. عناية بالشعر من فئة العناية بالشعر، 200 مل. تُستكمل تفاصيل الاستخدام والمكونات والتحذيرات بعد مطابقة العبوة وصفحة الشركة المصنعة.,,,,ناقص/غير مثبت في اللقطة,لا توجد صورة PM موثقة,تأكيد الهوية وSKU/GTIN أولًا؛ لا تخترع كودًا,DRAFT — REVIEW REQUIRED; NOT PUBLISHABLE
recajaFeWMwTCy2Eh,جل العناية بعد الحلاقة للبشرة الحساسة من باليا 150 مل,يحتاج تأكيد العلامة,مراجعة تصنيف يدوي,غير مؤكد,LOW,,,جل العناية بعد الحلاقة للبشرة الحساسة من باليا 150 مل. غير مؤكد من فئة مراجعة تصنيف يدوي، 150 مل. تُستكمل تفاصيل الاستخدام والمكونات والتحذيرات بعد مطابقة العبوة وصفحة الشركة المصنعة.,,,,ناقص/غير مثبت في اللقطة,لا توجد صورة PM موثقة,تأكيد الهوية وSKU/GTIN أولًا؛ لا تخترع كودًا,DRAFT — REVIEW REQUIRED; NOT PUBLISHABLE
recbiwOslHfMqC9qS,هير ميست إيفا جولدن أور 100 مل,يحتاج تأكيد العلامة,مراجعة تصنيف يدوي,غير مؤكد,LOW,,,هير ميست إيفا جولدن أور 100 مل. غير مؤكد من فئة مراجعة تصنيف يدوي، 100 مل. تُستكمل تفاصيل الاستخدام والمكونات والتحذيرات بعد مطابقة العبوة وصفحة الشركة المصنعة.,,,,ناقص/غير مثبت في اللقطة,لا توجد صورة PM موثقة,تأكيد الهوية وSKU/GTIN أولًا؛ لا تخترع كودًا,DRAFT — REVIEW REQUIRED; NOT PUBLISHABLE
reccRyvSvdBwUfuPZ,جونسون كريم ترطيب الجسم لجميع أنواع البشرة 100 جم,يحتاج تأكيد العلامة,العناية بالبشرة,كريم/سيروم/عناية بالبشرة,MEDIUM,,,جونسون كريم ترطيب الجسم لجميع أنواع البشرة 100 جم. كريم/سيروم/عناية بالبشرة من فئة العناية بالبشرة، 100 جم. تُستكمل تفاصيل الاستخدام والمكونات والتحذيرات بعد مطابقة العبوة وصفحة الشركة المصنعة.,,,,ناقص/غير مثبت في اللقطة,لا توجد صورة PM موثقة,تأكيد الهوية وSKU/GTIN أولًا؛ لا تخترع كودًا,DRAFT — REVIEW REQUIRED; NOT PUBLISHABLE
recdOQ8IEWi2a3Bme,جونسون كريم للجسم ترطيب 24 ساعة 300 مل,يحتاج تأكيد العلامة,العناية بالبشرة,كريم/سيروم/عناية بالبشرة,MEDIUM,,,جونسون كريم للجسم ترطيب 24 ساعة 300 مل. كريم/سيروم/عناية بالبشرة من فئة العناية بالبشرة، 300 مل. تُستكمل تفاصيل الاستخدام والمكونات والتحذيرات بعد مطابقة العبوة وصفحة الشركة المصنعة.,,,,ناقص/غير مثبت في اللقطة,لا توجد صورة PM موثقة,تأكيد الهوية وSKU/GTIN أولًا؛ لا تخترع كودًا,DRAFT — REVIEW REQUIRED; NOT PUBLISHABLE
receOKZPfZ9qSQCKh,موود وايلد روز بادي ميلك 200 مل,يحتاج تأكيد العلامة,العناية بالجسم,عناية بالجسم,MEDIUM,,,موود وايلد روز بادي ميلك 200 مل. عناية بالجسم من فئة العناية بالجسم، 200 مل. تُستكمل تفاصيل الاستخدام والمكونات والتحذيرات بعد مطابقة العبوة وصفحة الشركة المصنعة.,,,,ناقص/غير مثبت في اللقطة,لا توجد صورة PM موثقة,تأكيد الهوية وSKU/GTIN أولًا؛ لا تخترع كودًا,DRAFT — REVIEW REQUIRED; NOT PUBLISHABLE
receXmm1nUhIE3cg3,أديداس باور بوستر جل الاستحمام 400 مل,يحتاج تأكيد العلامة,العناية بالجسم,عناية بالجسم,MEDIUM,,,أديداس باور بوستر جل الاستحمام 400 مل. عناية بالجسم من فئة العناية بالجسم، 400 مل. تُستكمل تفاصيل الاستخدام والمكونات والتحذيرات بعد مطابقة العبوة وصفحة الشركة المصنعة.,,,,ناقص/غير مثبت في اللقطة,لا توجد صورة PM موثقة,تأكيد الهوية وSKU/GTIN أولًا؛ لا تخترع كودًا,DRAFT — REVIEW REQUIRED; NOT PUBLISHABLE
recgpG0sIFxWLkwNW,أديداس فريش إندورانس جل الاستحمام 3 في 1 400 مل,يحتاج تأكيد العلامة,العناية بالجسم,عناية بالجسم,MEDIUM,,,أديداس فريش إندورانس جل الاستحمام 3 في 1 400 مل. عناية بالجسم من فئة العناية بالجسم، 400 مل. تُستكمل تفاصيل الاستخدام والمكونات والتحذيرات بعد مطابقة العبوة وصفحة الشركة المصنعة.,,,,ناقص/غير مثبت في اللقطة,لا توجد صورة PM موثقة,تأكيد الهوية وSKU/GTIN أولًا؛ لا تخترع كودًا,DRAFT — REVIEW REQUIRED; NOT PUBLISHABLE
recizyxrfZqWlRj0V,ACM Sebionex Mattifying Gel SPF 50 40ml,ACM,العناية بالبشرة,كريم/سيروم/عناية بالبشرة,MEDIUM,75305,3760095250564,ACM Sebionex Mattifying Gel SPF 50 40ml. كريم/سيروم/عناية بالبشرة من فئة العناية بالبشرة، 40ml. تُستكمل تفاصيل الاستخدام والمكونات والتحذيرات بعد مطابقة العبوة وصفحة الشركة المصنعة.,,,,ناقص/غير مثبت في اللقطة,لا توجد صورة PM موثقة,مطابقة GTIN والاسم والحجم مع العبوة/المصدر الرسمي؛ ثم توثيق المخزون والتكلفة والصورة,DRAFT — REVIEW REQUIRED; NOT PUBLISHABLE
reckdjDVGnkaHBJQh,إمبريال ليذر غسول الجسم المريح 500 مل,يحتاج تأكيد العلامة,العناية بالجسم,عناية بالجسم,MEDIUM,,,إمبريال ليذر غسول الجسم المريح 500 مل. عناية بالجسم من فئة العناية بالجسم، 500 مل. تُستكمل تفاصيل الاستخدام والمكونات والتحذيرات بعد مطابقة العبوة وصفحة الشركة المصنعة.,,,,ناقص/غير مثبت في اللقطة,لا توجد صورة PM موثقة,تأكيد الهوية وSKU/GTIN أولًا؛ لا تخترع كودًا,DRAFT — REVIEW REQUIRED; NOT PUBLISHABLE
reclIZoMx9pq6pR3W,Dermaelle Hyalubalance Sebum Control Cleansing Gel 200ml,Dermaelle,مراجعة تصنيف يدوي,غير مؤكد,LOW,DERMAELLE007,6223007905060,Dermaelle Hyalubalance Sebum Control Cleansing Gel 200ml. غير مؤكد من فئة مراجعة تصنيف يدوي، 200ml. تُستكمل تفاصيل الاستخدام والمكونات والتحذيرات بعد مطابقة العبوة وصفحة الشركة المصنعة.,,,,وجود حقول مخزون وتكلفة؛ يلزم إعادة تحقق,رابط موجود؛ الحقوق غير مؤكدة,مطابقة GTIN والاسم والحجم مع العبوة/المصدر الرسمي؛ ثم توثيق المخزون والتكلفة والصورة,DRAFT — REVIEW REQUIRED; NOT PUBLISHABLE
recm0uXEYu6Le8xD3,إيزو هيدرين هيدرا ستور غسول الجسم 250 مل,يحتاج تأكيد العلامة,العناية بالجسم,عناية بالجسم,MEDIUM,,,إيزو هيدرين هيدرا ستور غسول الجسم 250 مل. عناية بالجسم من فئة العناية بالجسم، 250 مل. تُستكمل تفاصيل الاستخدام والمكونات والتحذيرات بعد مطابقة العبوة وصفحة الشركة المصنعة.,,,,ناقص/غير مثبت في اللقطة,لا توجد صورة PM موثقة,تأكيد الهوية وSKU/GTIN أولًا؛ لا تخترع كودًا,DRAFT — REVIEW REQUIRED; NOT PUBLISHABLE
recnghMmZfxrwqogF,أروما شامبو المضاد لتساقط الشعر 250 مل,يحتاج تأكيد العلامة,العناية بالشعر,عناية بالشعر,MEDIUM,,,أروما شامبو المضاد لتساقط الشعر 250 مل. عناية بالشعر من فئة العناية بالشعر، 250 مل. تُستكمل تفاصيل الاستخدام والمكونات والتحذيرات بعد مطابقة العبوة وصفحة الشركة المصنعة.,,,,ناقص/غير مثبت في اللقطة,لا توجد صورة PM موثقة,تأكيد الهوية وSKU/GTIN أولًا؛ لا تخترع كودًا,DRAFT — REVIEW REQUIRED; NOT PUBLISHABLE
recnr0S5GwzFNDXni,CeraVe Eye Repair Cream for Dark Circles & Puffiness 14ml,CeraVe,العناية بالبشرة,كريم/سيروم/عناية بالبشرة,MEDIUM,86069,3337875597272,CeraVe Eye Repair Cream for Dark Circles & Puffiness 14ml. كريم/سيروم/عناية بالبشرة من فئة العناية بالبشرة، 14ml. تُستكمل تفاصيل الاستخدام والمكونات والتحذيرات بعد مطابقة العبوة وصفحة الشركة المصنعة.,,,,ناقص/غير مثبت في اللقطة,لا توجد صورة PM موثقة,مطابقة GTIN والاسم والحجم مع العبوة/المصدر الرسمي؛ ثم توثيق المخزون والتكلفة والصورة,DRAFT — REVIEW REQUIRED; NOT PUBLISHABLE
recpA0UlzsJT9NUAl,بيو سوفت زيت تسمير البشرة 200 مل,يحتاج تأكيد العلامة,مراجعة تصنيف يدوي,غير مؤكد,LOW,,,بيو سوفت زيت تسمير البشرة 200 مل. غير مؤكد من فئة مراجعة تصنيف يدوي، 200 مل. تُستكمل تفاصيل الاستخدام والمكونات والتحذيرات بعد مطابقة العبوة وصفحة الشركة المصنعة.,,,,ناقص/غير مثبت في اللقطة,لا توجد صورة PM موثقة,تأكيد الهوية وSKU/GTIN أولًا؛ لا تخترع كودًا,DRAFT — REVIEW REQUIRED; NOT PUBLISHABLE
recpTlga90KnUAHZJ,إنفينيتي ناتشورالز مقشر الجسم بزيت النعناع 325 جم,يحتاج تأكيد العلامة,العناية بالجسم,عناية بالجسم,MEDIUM,,,إنفينيتي ناتشورالز مقشر الجسم بزيت النعناع 325 جم. عناية بالجسم من فئة العناية بالجسم، 325 جم. تُستكمل تفاصيل الاستخدام والمكونات والتحذيرات بعد مطابقة العبوة وصفحة الشركة المصنعة.,,,,ناقص/غير مثبت في اللقطة,لا توجد صورة PM موثقة,تأكيد الهوية وSKU/GTIN أولًا؛ لا تخترع كودًا,DRAFT — REVIEW REQUIRED; NOT PUBLISHABLE
recqAUHCvagAS2ABU,تريشوب للتحكم في تساقط الشعر 400 مل,يحتاج تأكيد العلامة,العناية بالشعر,عناية بالشعر,MEDIUM,,,تريشوب للتحكم في تساقط الشعر 400 مل. عناية بالشعر من فئة العناية بالشعر، 400 مل. تُستكمل تفاصيل الاستخدام والمكونات والتحذيرات بعد مطابقة العبوة وصفحة الشركة المصنعة.,,,,ناقص/غير مثبت في اللقطة,لا توجد صورة PM موثقة,تأكيد الهوية وSKU/GTIN أولًا؛ لا تخترع كودًا,DRAFT — REVIEW REQUIRED; NOT PUBLISHABLE
recrYmupp7WywWbCG,اكس غسول الجسم والشعر والوجه 3 في 1 دارك 250 مل,يحتاج تأكيد العلامة,العناية بالشعر,عناية بالشعر,MEDIUM,,,اكس غسول الجسم والشعر والوجه 3 في 1 دارك 250 مل. عناية بالشعر من فئة العناية بالشعر، 250 مل. تُستكمل تفاصيل الاستخدام والمكونات والتحذيرات بعد مطابقة العبوة وصفحة الشركة المصنعة.,,,,ناقص/غير مثبت في اللقطة,لا توجد صورة PM موثقة,تأكيد الهوية وSKU/GTIN أولًا؛ لا تخترع كودًا,DRAFT — REVIEW REQUIRED; NOT PUBLISHABLE
rectUWc2cvgO3FbRv,أديداس فيكتوري ليج جل الاستحمام 3 في 1 400 مل,يحتاج تأكيد العلامة,العناية بالجسم,عناية بالجسم,MEDIUM,,3616303459147,أديداس فيكتوري ليج جل الاستحمام 3 في 1 400 مل. عناية بالجسم من فئة العناية بالجسم، 400 مل. تُستكمل تفاصيل الاستخدام والمكونات والتحذيرات بعد مطابقة العبوة وصفحة الشركة المصنعة.,,,,ناقص/غير مثبت في اللقطة,لا توجد صورة PM موثقة,مطابقة GTIN والاسم والحجم مع العبوة/المصدر الرسمي؛ ثم توثيق المخزون والتكلفة والصورة,DRAFT — REVIEW REQUIRED; NOT PUBLISHABLE
recuRtnyDmCUyXFd6,سيروم الشعر كابيكسي 120 مل,يحتاج تأكيد العلامة,العناية بالشعر,عناية بالشعر,MEDIUM,,,سيروم الشعر كابيكسي 120 مل. عناية بالشعر من فئة العناية بالشعر، 120 مل. تُستكمل تفاصيل الاستخدام والمكونات والتحذيرات بعد مطابقة العبوة وصفحة الشركة المصنعة.,,,,ناقص/غير مثبت في اللقطة,لا توجد صورة PM موثقة,تأكيد الهوية وSKU/GTIN أولًا؛ لا تخترع كودًا,DRAFT — REVIEW REQUIRED; NOT PUBLISHABLE
recueH0stdV2qjd13,بيزلاين مزيل عرق رول اون للتبييض الطبيعي انستانت وايت 2 × 50 مل,يحتاج تأكيد العلامة,العناية بالجسم,عناية بالجسم,MEDIUM,,,بيزلاين مزيل عرق رول اون للتبييض الطبيعي انستانت وايت 2 × 50 مل. عناية بالجسم من فئة العناية بالجسم، 50 مل. تُستكمل تفاصيل الاستخدام والمكونات والتحذيرات بعد مطابقة العبوة وصفحة الشركة المصنعة.,,,,ناقص/غير مثبت في اللقطة,لا توجد صورة PM موثقة,تأكيد الهوية وSKU/GTIN أولًا؛ لا تخترع كودًا,DRAFT — REVIEW REQUIRED; NOT PUBLISHABLE
recviM32AI1Bo0nzk,إيتود كوري سيروم رموش,يحتاج تأكيد العلامة,العناية بالبشرة,كريم/سيروم/عناية بالبشرة,MEDIUM,,,إيتود كوري سيروم رموش. كريم/سيروم/عناية بالبشرة من فئة العناية بالبشرة، الحجم يحتاج تأكيد. تُستكمل تفاصيل الاستخدام والمكونات والتحذيرات بعد مطابقة العبوة وصفحة الشركة المصنعة.,,,,ناقص/غير مثبت في اللقطة,لا توجد صورة PM موثقة,تأكيد الهوية وSKU/GTIN أولًا؛ لا تخترع كودًا,DRAFT — REVIEW REQUIRED; NOT PUBLISHABLE
recxhwYSrwfI9noYJ,Pantene Pro-V Smooth & Silky Leave-In Conditioner 275 ml,Pantene,العناية بالشعر,عناية بالشعر,MEDIUM,90467,8001090151780,Pantene Pro-V Smooth & Silky Leave-In Conditioner 275 ml. عناية بالشعر من فئة العناية بالشعر، 275 ml. تُستكمل تفاصيل الاستخدام والمكونات والتحذيرات بعد مطابقة العبوة وصفحة الشركة المصنعة.,,,,ناقص/غير مثبت في اللقطة,لا توجد صورة PM موثقة,مطابقة GTIN والاسم والحجم مع العبوة/المصدر الرسمي؛ ثم توثيق المخزون والتكلفة والصورة,DRAFT — REVIEW REQUIRED; NOT PUBLISHABLE
recxmcvMsiFxInS28,ذا هير أديكت عطر الشعر 50 مل,يحتاج تأكيد العلامة,العناية بالشعر,عناية بالشعر,MEDIUM,,,ذا هير أديكت عطر الشعر 50 مل. عناية بالشعر من فئة العناية بالشعر، 50 مل. تُستكمل تفاصيل الاستخدام والمكونات والتحذيرات بعد مطابقة العبوة وصفحة الشركة المصنعة.,,,,ناقص/غير مثبت في اللقطة,لا توجد صورة PM موثقة,تأكيد الهوية وSKU/GTIN أولًا؛ لا تخترع كودًا,DRAFT — REVIEW REQUIRED; NOT PUBLISHABLE
recz9nyk5TK1dUZuF,برو فين بخاخ الجسم للبشرة المعرضة لحب الشباب 120 مل,يحتاج تأكيد العلامة,العطور,عطر/رذاذ,MEDIUM,,,برو فين بخاخ الجسم للبشرة المعرضة لحب الشباب 120 مل. عطر/رذاذ من فئة العطور، 120 مل. تُستكمل تفاصيل الاستخدام والمكونات والتحذيرات بعد مطابقة العبوة وصفحة الشركة المصنعة.,,,,ناقص/غير مثبت في اللقطة,لا توجد صورة PM موثقة,تأكيد الهوية وSKU/GTIN أولًا؛ لا تخترع كودًا,DRAFT — REVIEW REQUIRED; NOT PUBLISHABLE
reczYvcrnQyEQqzPK,بلوبيل روزاليا لوشن الشعر 120 مل,يحتاج تأكيد العلامة,العناية بالشعر,عناية بالشعر,MEDIUM,,,بلوبيل روزاليا لوشن الشعر 120 مل. عناية بالشعر من فئة العناية بالشعر، 120 مل. تُستكمل تفاصيل الاستخدام والمكونات والتحذيرات بعد مطابقة العبوة وصفحة الشركة المصنعة.,,,,ناقص/غير مثبت في اللقطة,لا توجد صورة PM موثقة,تأكيد الهوية وSKU/GTIN أولًا؛ لا تخترع كودًا,DRAFT — REVIEW REQUIRED; NOT PUBLISHABLE
